park_name,district,lat,lng,source
新北市立板橋幼兒園,板橋區,25.008934,121.456499,行政區概略
新北市立三重幼兒園,三重區,25.053687,121.484109,行政區概略
新北市立中和幼兒園,中和區,24.999214,121.50355,行政區概略
新北市立永和幼兒園,永和區,25.012791,121.511317,行政區概略
新北市立新店幼兒園,新店區,24.964214,121.548541,行政區概略
新北市立樹林幼兒園,樹林區,24.995302,121.419961,行政區概略
新北市立鶯歌幼兒園,鶯歌區,24.946736,121.358976,行政區概略
新北市立三峽幼兒園,三峽區,24.939138,121.363712,行政區概略
新北市立淡水幼兒園,淡水區,25.170833,121.440658,行政區概略
新北市立五股幼兒園,五股區,25.079135,121.436692,行政區概略
新北市立泰山幼兒園,泰山區,25.058445,121.423657,行政區概略
新北市立林口幼兒園,林口區,25.080029,121.397462,行政區概略
新北市立深坑幼兒園,深坑區,25.003407,121.622597,行政區概略
新北市立三芝幼兒園,三芝區,25.261702,121.506044,行政區概略
新北市立八里幼兒園,八里區,25.158559,121.404588,行政區概略
新北市立萬里幼兒園,萬里區,25.180472,121.695707,行政區概略
新北市立烏來幼兒園,烏來區,24.865209,121.552196,行政區概略
新北市立瑞芳幼兒園,瑞芳區,25.102859,121.805918,行政區概略
新北市立金山幼兒園,金山區,25.226216,121.634754,行政區概略
新北市立土城幼兒園,土城區,24.974004,121.437368,行政區概略
新北市立蘆洲幼兒園,蘆洲區,25.089502,121.480558,行政區概略
新北市立新莊幼兒園,新莊區,25.038469,121.428449,行政區概略
新北市安溪非營利幼兒園,三峽區,24.940259,121.369761,行政區概略
新北市山北非營利幼兒園,中和區,24.994038,121.504834,行政區概略
新北市龍埔成長非營利幼兒園,三峽區,24.937147,121.36917,行政區概略
新北市海工非營利幼兒園,土城區,24.973256,121.436591,行政區概略
新北市漢翔非營利幼兒園,三峽區,24.931172,121.362086,行政區概略
新北市昌平非營利幼兒園,新莊區,25.034201,121.426549,行政區概略
新北市北大非營利幼兒園,三峽區,24.929746,121.376919,行政區概略
新北市鷺江非營利幼兒園,蘆洲區,25.089403,121.480409,行政區概略
新北市安興非營利幼兒園,新店區,24.973477,121.544046,行政區概略
新北市大觀非營利幼兒園,板橋區,25.014641,121.454635,行政區概略
新北市新林非營利幼兒園,林口區,25.082672,121.39295,行政區概略
新北市昌福非營利幼兒園,鶯歌區,24.960882,121.356801,行政區概略
新北市三多非營利幼兒園,樹林區,24.986853,121.422176,行政區概略
新北市積穗非營利幼兒園,中和區,24.999339,121.504376,行政區概略
新北市新月非營利幼兒園,板橋區,25.004698,121.464003,行政區概略
新北市中平非營利幼兒園,新莊區,25.028674,121.437402,行政區概略
新北市中正非營利幼兒園,土城區,24.970653,121.450259,行政區概略
新北市福營非營利幼兒園,新莊區,25.03758,121.435664,行政區概略
新北市中園非營利幼兒園,三峽區,24.935056,121.363728,行政區概略
新北市柏翠非營利幼兒園,板橋區,25.006464,121.451721,行政區概略
新北市文創非營利幼兒園,林口區,25.071166,121.39212,行政區概略
新北市文仁非營利幼兒園,林口區,25.070925,121.389923,行政區概略
新北市菁湖非營利幼兒園,林口區,25.081489,121.391616,行政區概略
新北市佳林非營利幼兒園,林口區,25.077993,121.384225,行政區概略
新北市碧城非營利幼兒園,三重區,25.059008,121.480405,行政區概略
新北市新店及人非營利幼兒園,新店區,24.968522,121.54547,行政區概略
新北市育平非營利幼兒園,永和區,24.999711,121.514203,行政區概略
新北市新樂非營利幼兒園,新莊區,25.030586,121.438771,行政區概略
新北市東湖非營利幼兒園,林口區,25.075171,121.398011,行政區概略
新北市文中非營利幼兒園,新店區,24.971879,121.549296,行政區概略
新北市翠中非營利幼兒園,板橋區,25.008182,121.462803,行政區概略
新北市板橋員工子女非營利幼兒園,板橋區,25.008539,121.452393,行政區概略
新北市淡海非營利幼兒園,淡水區,25.171675,121.438902,行政區概略
新北市佳和非營利幼兒園,中和區,25.000024,121.505786,行政區概略
新北市桃子腳非營利幼兒園,樹林區,24.995525,121.419444,行政區概略
新北市明德非營利幼兒園,土城區,24.975835,121.44491,行政區概略
新北市清水高中附設非營利幼兒園,土城區,24.964547,121.4393,行政區概略
新北市崁頂非營利幼兒園,淡水區,25.165706,121.440255,行政區概略
