park_id,park_name,park_type,year,district,lat,lng,income_actual,expense_actual,tuition_actual,surplus,expense_income_ratio,benford_mad,benford_sample_n,benford_score,benford_chi2,benford_pvalue,benford_significant,beneish_score,beneish_egdi,beneish_tata,altman_score,altman_z2,altman_zone,iforest_score,iforest_explain,expense_yoy_pct,fund_balance_begin,fund_balance_end,fund_recon_score,fund_recon_consistent,fund_continuity_score,penalty_count,penalty_reason,penalty_category,eval_grade,penalty_records,neg_ratio,score_sentiment,score_financial,score_penalty,score_eval,scoring_profile,risk_total,risk_level,risk_level_abs,eng_risk_total,eng_risk_level,eng_not_illegality
13616,新北市立林口幼兒園,公校,114,林口區,25.080029,121.397462,21947493,23545162,2509662.0,-1597669,1.0728,0.03534,145,53.0,20.593,0.00831,True,28.1,0.1066,-0.0728,100.0,-0.5821,困境,24.5,"{'income_yoy_pct': 0.89, 'tuition_income_ratio': 0.0}",1.07,4265839.0,2668170.0,0.0,True,0.0,2,超收幼生與收費違規,收費,乙,,,20,45.7,90.0,40,forensic,54.3,高,中,54.3,中,風險不等於違法（Risk does not equal illegality）。本分數僅為稽查優先序參考，非違法或舞弊之認定。
13620,新北市立三芝幼兒園,公校,114,三芝區,25.261702,121.506044,16827935,17103367,1311400.0,-275432,1.0164,0.06353,147,100.0,57.237,0.0,True,4.8,0.0154,-0.0164,100.0,-0.1088,困境,20.1,"{'income_yoy_pct': 0.26, 'tuition_income_ratio': 0.17}",3.31,1044772.0,769340.0,0.0,True,0.0,1,師生比不符規定,人力,良,,,20,44.7,70.0,20,forensic,44.9,高,中,44.9,中,風險不等於違法（Risk does not equal illegality）。本分數僅為稽查優先序參考，非違法或舞弊之認定。
13603,新北市立中和幼兒園,公校,114,中和區,24.999214,121.50355,38510595,37867505,3412275.0,643090,0.9833,0.01997,142,12.0,10.267,0.24679,False,7.1,-0.0661,0.0167,100.0,0.3076,困境,18.6,"{'income_yoy_pct': 0.24, 'tuition_income_ratio': 0.12}",4.32,3870220.0,4513310.0,0.0,True,0.0,1,設施安全缺失,安全,良,,,20,23.6,90.0,20,forensic,42.4,高,中,42.4,中,風險不等於違法（Risk does not equal illegality）。本分數僅為稽查優先序參考，非違法或舞弊之認定。
13614,新北市立五股幼兒園,公校,114,五股區,25.079135,121.436692,48436760,49231392,5782800.0,-794632,1.0164,0.03285,163,47.0,20.442,0.00879,True,3.2,0.0014,-0.0164,100.0,-0.1584,困境,9.5,"{'income_yoy_pct': 0.21, 'tuition_income_ratio': 0.02}",2.8,1022802.0,228170.0,0.0,True,0.0,1,人員資格不符,人力,良,,,20,30.4,70.0,20,forensic,39.2,高,中,39.2,低,風險不等於違法（Risk does not equal illegality）。本分數僅為稽查優先序參考，非違法或舞弊之認定。
13611,新北市立瑞芳幼兒園,公校,112,瑞芳區,25.102859,121.805918,4347643,7343377,481900.0,-2995734,1.689,0.01931,133,10.0,10.234,0.24895,False,92.1,0.2808,-0.689,100.0,-6.8905,困境,89.3,"{'income_yoy_pct': 3.79, 'tuition_income_ratio': 0.02}",-34.34,2995734.0,,0.0,,0.0,0,,,,,,20,74.0,0.0,30,forensic,37.1,中,中,37.1,低,風險不等於違法（Risk does not equal illegality）。本分數僅為稽查優先序參考，非違法或舞弊之認定。
13626,新北市立金山幼兒園,公校,113,金山區,25.226216,121.634754,8165418,9233243,473100.0,-1067825,1.1308,0.03875,143,67.0,29.914,0.00022,True,39.8,0.0565,-0.1308,100.0,-1.3077,困境,80.4,"{'income_yoy_pct': 2.37, 'tuition_income_ratio': 0.27}",-30.91,1067825.0,,0.0,,0.0,0,,,,,,20,72.4,0.0,30,forensic,36.5,中,中,36.5,低,風險不等於違法（Risk does not equal illegality）。本分數僅為稽查優先序參考，非違法或舞弊之認定。
13617,新北市立深坑幼兒園,公校,114,深坑區,25.003407,121.622597,15152378,14740018,1129700.0,412360,0.9728,0.045,149,84.0,34.784,3e-05,True,7.3,-0.0478,0.0272,100.0,0.3536,困境,21.6,"{'tuition_income_ratio': 0.19, 'income_yoy_pct': 0.14}",4.32,615881.0,1028241.0,0.0,True,0.0,1,財務申報缺失,行政,乙,,,20,40.2,35.0,40,forensic,35.6,中,中,35.6,低,風險不等於違法（Risk does not equal illegality）。本分數僅為稽查優先序參考，非違法或舞弊之認定。
N33,新北市淡海非營利幼兒園,非營利,113,淡水區,25.171675,121.438902,22928947,25090994,19828000.0,-2162047,1.0943,,0,,,,,62.7,0.3535,-0.0943,100.0,-0.9429,困境,49.8,"{'tuition_income_ratio': 3.58, 'income_yoy_pct': 0.0}",41.91,,,0.0,,0.0,0,,,,,,20,54.6,0.0,30,forensic,29.3,高,低,29.3,低,風險不等於違法（Risk does not equal illegality）。本分數僅為稽查優先序參考，非違法或舞弊之認定。
13608,新北市立鶯歌幼兒園,公校,114,鶯歌區,24.946736,121.358976,24452403,24754856,1808700.0,-302453,1.0124,0.01907,147,9.0,6.081,0.63812,False,8.8,0.0383,-0.0124,100.0,-0.0666,困境,29.5,"{'income_yoy_pct': 0.56, 'tuition_income_ratio': 0.19}",0.15,1466151.0,1163698.0,0.0,True,0.0,1,,,優,,,20,26.5,50.0,0,forensic,28.6,中,低,28.6,低,風險不等於違法（Risk does not equal illegality）。本分數僅為稽查優先序參考，非違法或舞弊之認定。
N14,新北市積穗非營利幼兒園,非營利,113,中和區,24.999339,121.504376,23891160,22375848,21363539.0,1515312,0.9366,,0,,,,,31.3,-0.153,0.0634,100.0,0.6343,困境,100.0,"{'tuition_income_ratio': 3.72, 'income_yoy_pct': 2.96}",45.22,,,0.0,,0.0,0,,,,,,20,49.6,0.0,30,forensic,27.3,高,低,27.3,低,風險不等於違法（Risk does not equal illegality）。本分數僅為稽查優先序參考，非違法或舞弊之認定。
N01,新北市安溪非營利幼兒園,非營利,113,三峽區,24.940259,121.369761,20155978,22144749,17990000.0,-1988771,1.0987,,0,,,,,31.0,0.1203,-0.0987,100.0,-0.9867,困境,53.9,"{'tuition_income_ratio': 3.71, 'income_yoy_pct': 0.02}",18.14,,,0.0,,0.0,0,,,,,,20,46.9,0.0,30,forensic,26.3,高,低,26.3,低,風險不等於違法（Risk does not equal illegality）。本分數僅為稽查優先序參考，非違法或舞弊之認定。
N04,新北市海工非營利幼兒園,非營利,113,土城區,24.973256,121.436591,8351127,8871195,7608000.0,-520068,1.0623,,0,,,,,24.1,0.0939,-0.0623,100.0,-0.6228,困境,76.5,"{'tuition_income_ratio': 3.8, 'income_yoy_pct': 0.77}",1.86,,,0.0,,0.0,0,,,,,,20,43.7,0.0,30,forensic,25.0,高,低,25.0,低,風險不等於違法（Risk does not equal illegality）。本分數僅為稽查優先序參考，非違法或舞弊之認定。
N03,新北市龍埔成長非營利幼兒園,非營利,113,三峽區,24.937147,121.36917,12844402,13604475,11931000.0,-760073,1.0592,,0,,,,,22.8,0.0952,-0.0592,100.0,-0.5918,困境,60.2,"{'tuition_income_ratio': 3.89, 'income_yoy_pct': 0.08}",14.66,,,0.0,,0.0,0,,,,,,20,41.6,0.0,30,forensic,24.1,高,低,24.1,低,風險不等於違法（Risk does not equal illegality）。本分數僅為稽查優先序參考，非違法或舞弊之認定。
13627,新北市立萬里幼兒園,公校,114,萬里區,25.180472,121.695707,14058674,13944811,299700.0,113863,0.9919,0.03796,135,62.0,20.992,0.00717,True,5.7,-0.0176,0.0081,100.0,0.1275,困境,60.9,"{'tuition_income_ratio': 0.44, 'income_yoy_pct': 0.18}",8.09,430868.0,544731.0,0.0,True,0.0,0,,,良,,,20,44.3,0.0,20,forensic,23.7,中,低,23.7,低,風險不等於違法（Risk does not equal illegality）。本分數僅為稽查優先序參考，非違法或舞弊之認定。
N08,新北市鷺江非營利幼兒園,非營利,113,蘆洲區,25.089403,121.480409,15523274,16288934,11529155.0,-765660,1.0493,,0,,,,,14.3,0.0414,-0.0493,100.0,-0.4932,困境,73.4,"{'tuition_income_ratio': 3.0, 'income_yoy_pct': 0.7}",-2.13,,,0.0,,0.0,0,,,,,,20,39.8,0.0,30,forensic,23.4,高,低,23.4,低,風險不等於違法（Risk does not equal illegality）。本分數僅為稽查優先序參考，非違法或舞弊之認定。
13612,新北市立土城幼兒園,公校,113,土城區,24.974004,121.437368,31356465,31521327,4200275.0,-164862,1.0053,0.04423,169,81.0,34.665,3e-05,True,4.1,0.004,-0.0053,100.0,0.0551,困境,16.0,"{'tuition_income_ratio': 0.09, 'income_yoy_pct': 0.03}",6.34,2977923.0,2813061.0,0.0,True,0.0,0,,,,,,20,38.7,0.0,30,forensic,23.0,中,低,23.0,低,風險不等於違法（Risk does not equal illegality）。本分數僅為稽查優先序參考，非違法或舞弊之認定。
N24,新北市佳林非營利幼兒園,非營利,113,林口區,25.077993,121.384225,12446887,12880711,9558952.0,-433824,1.0349,,0,,,,,18.7,0.0961,-0.0349,100.0,-0.3485,困境,65.9,"{'tuition_income_ratio': 3.12, 'income_yoy_pct': 0.45}",7.91,,,0.0,,0.0,0,,,,,,20,38.1,0.0,30,forensic,22.7,中,低,22.7,低,風險不等於違法（Risk does not equal illegality）。本分數僅為稽查優先序參考，非違法或舞弊之認定。
N06,新北市昌平非營利幼兒園,非營利,113,新莊區,25.034201,121.426549,14632460,15234973,11765429.0,-602513,1.0412,,0,,,,,13.6,0.0524,-0.0412,100.0,-0.4118,困境,68.0,"{'tuition_income_ratio': 3.29, 'income_yoy_pct': 0.54}",1.9,,,0.0,,0.0,0,,,,,,20,37.5,0.0,30,forensic,22.5,中,低,22.5,低,風險不等於違法（Risk does not equal illegality）。本分數僅為稽查優先序參考，非違法或舞弊之認定。
N07,新北市北大非營利幼兒園,非營利,113,三峽區,24.929746,121.376919,29145666,25409886,19063795.0,2625967,0.8718,,0,,,,,20.2,-0.1593,0.0901,96.3,1.1561,灰色地帶,80.5,"{'tuition_income_ratio': 2.58, 'income_yoy_pct': 0.87}",6.54,,,0.0,,0.0,0,,,,,,20,36.6,0.0,30,forensic,22.1,中,低,22.1,低,風險不等於違法（Risk does not equal illegality）。本分數僅為稽查優先序參考，非違法或舞弊之認定。
N16,新北市中平非營利幼兒園,非營利,113,新莊區,25.028674,121.437402,18029885,16978466,14032434.0,1051419,0.9417,,0,,,,,13.8,-0.0668,0.0583,100.0,0.5832,困境,73.1,"{'tuition_income_ratio': 3.17, 'income_yoy_pct': 0.52}",9.31,,,0.0,,0.0,0,,,,,,20,34.9,0.0,30,forensic,21.5,中,低,21.5,低,風險不等於違法（Risk does not equal illegality）。本分數僅為稽查優先序參考，非違法或舞弊之認定。
13613,新北市立蘆洲幼兒園,公校,113,蘆洲區,25.089502,121.480558,14922049,14931682,2051300.0,-9633,1.0006,0.03522,134,52.0,34.731,3e-05,True,5.3,-0.059,-0.0006,100.0,0.0208,困境,21.2,"{'income_yoy_pct': 0.22, 'tuition_income_ratio': 0.11}",4.58,348108.0,338475.0,0.0,True,0.0,0,,,,,,20,32.8,0.0,30,forensic,20.6,中,低,20.6,低,風險不等於違法（Risk does not equal illegality）。本分數僅為稽查優先序參考，非違法或舞弊之認定。
N29,新北市東湖非營利幼兒園,非營利,113,林口區,25.075171,121.398011,33959943,32630093,28968296.0,1329850,0.9608,,0,,,,,10.2,-0.0537,0.0392,100.0,0.3916,困境,64.5,"{'tuition_income_ratio': 3.53, 'income_yoy_pct': 0.33}",7.26,,,0.0,,0.0,0,,,,,,20,32.1,0.0,30,forensic,20.3,中,低,20.3,低,風險不等於違法（Risk does not equal illegality）。本分數僅為稽查優先序參考，非違法或舞弊之認定。
N05,新北市漢翔非營利幼兒園,非營利,113,三峽區,24.931172,121.362086,13204495,11597650,12232000.0,1606845,0.8783,,0,,,,,13.3,-0.1053,0.1217,92.2,1.2169,灰色地帶,62.3,"{'tuition_income_ratio': 3.88, 'income_yoy_pct': 0.24}",-8.34,,,0.0,,0.0,0,,,,,,20,31.1,0.0,30,forensic,19.9,中,低,19.9,低,風險不等於違法（Risk does not equal illegality）。本分數僅為稽查優先序參考，非違法或舞弊之認定。
N27,新北市育平非營利幼兒園,非營利,113,永和區,24.999711,121.514203,15237003,16249661,,-1012658,1.0665,,0,,,,,25.2,0.1216,-0.0665,100.0,-0.6646,困境,5.6,"{'income_yoy_pct': 0.4, 'tuition_income_ratio': 0.0}",11.45,,,0.0,,0.0,0,,,,,,20,30.3,0.0,30,forensic,19.6,中,低,19.6,低,風險不等於違法（Risk does not equal illegality）。本分數僅為稽查優先序參考，非違法或舞弊之認定。
N34,新北市佳和非營利幼兒園,非營利,113,中和區,25.000024,121.505786,15622560,15622560,,0,1.0,,0,,,,,19.2,0.0168,0.0,100.0,0.0,困境,28.7,"{'income_yoy_pct': 1.47, 'tuition_income_ratio': 0.0}",34.95,,,0.0,,0.0,0,,,,,,20,30.2,0.0,30,forensic,19.6,中,低,19.6,低,風險不等於違法（Risk does not equal illegality）。本分數僅為稽查優先序參考，非違法或舞弊之認定。
N25,新北市碧城非營利幼兒園,非營利,113,三重區,25.059008,121.480405,21808378,16607411,11868007.0,3842941,0.7615,,0,,,,,34.7,-0.3121,0.1762,28.0,2.1794,灰色地帶,89.0,"{'tuition_income_ratio': 2.05, 'income_yoy_pct': 1.51}",2.86,,,0.0,,0.0,0,,,,,,20,30.1,0.0,30,forensic,19.5,中,低,19.5,低,風險不等於違法（Risk does not equal illegality）。本分數僅為稽查優先序參考，非違法或舞弊之認定。
N35,新北市桃子腳非營利幼兒園,非營利,113,樹林區,24.995525,121.419444,23579137,20749050,22456712.0,2830087,0.88,,0,,,,,0.0,,,93.3,1.2003,灰色地帶,70.4,"{'tuition_income_ratio': 4.0, 'income_yoy_pct': 0.0}",,,,0.0,,0.0,0,,,,,,20,29.5,0.0,30,forensic,19.3,中,低,19.3,低,風險不等於違法（Risk does not equal illegality）。本分數僅為稽查優先序參考，非違法或舞弊之認定。
N12,新北市昌福非營利幼兒園,非營利,113,鶯歌區,24.960882,121.356801,10663712,11356145,,-692433,1.0649,,0,,,,,16.9,0.0479,-0.0649,100.0,-0.6493,困境,16.6,"{'income_yoy_pct': 0.72, 'tuition_income_ratio': 0.0}",-1.74,,,0.0,,0.0,0,,,,,,20,29.6,0.0,30,forensic,19.3,中,低,19.3,低,風險不等於違法（Risk does not equal illegality）。本分數僅為稽查優先序參考，非違法或舞弊之認定。
N22,新北市文仁非營利幼兒園,非營利,113,林口區,25.070925,121.389923,14701958,14265648,12570095.0,436310,0.9703,,0,,,,,7.2,-0.0314,0.0297,100.0,0.2968,困境,55.6,"{'tuition_income_ratio': 3.54, 'income_yoy_pct': 0.1}",5.28,,,0.0,,0.0,0,,,,,,20,29.3,0.0,30,forensic,19.2,中,低,19.2,低,風險不等於違法（Risk does not equal illegality）。本分數僅為稽查優先序參考，非違法或舞弊之認定。
N17,新北市中正非營利幼兒園,非營利,113,土城區,24.970653,121.450259,18611616,18294084,16276000.0,317532,0.9829,,0,,,,,2.8,-0.0387,0.0171,100.0,0.1706,困境,56.5,"{'tuition_income_ratio': 3.63, 'income_yoy_pct': 0.24}",-1.71,,,0.0,,0.0,0,,,,,,20,28.2,0.0,30,forensic,18.8,中,低,18.8,低,風險不等於違法（Risk does not equal illegality）。本分數僅為稽查優先序參考，非違法或舞弊之認定。
13606,新北市立新店幼兒園,公校,114,新店區,24.964214,121.548541,32530025,33924460,3507600.0,-1394435,1.0429,0.03042,170,40.0,15.249,0.05448,False,5.2,-0.0223,-0.0429,100.0,-0.2714,困境,8.8,"{'income_yoy_pct': 0.26, 'tuition_income_ratio': 0.03}",-0.38,5656719.0,4262284.0,0.0,True,0.0,0,,,良,,,20,31.8,0.0,20,forensic,18.7,中,低,18.7,低,風險不等於違法（Risk does not equal illegality）。本分數僅為稽查優先序參考，非違法或舞弊之認定。
13605,新北市立新莊幼兒園,公校,113,新莊區,25.038469,121.428449,29608380,29211354,3933500.0,397026,0.9866,0.02592,160,24.0,11.488,0.17557,False,1.8,-0.0059,0.0134,100.0,0.2859,困境,20.9,"{'income_yoy_pct': 0.41, 'tuition_income_ratio': 0.09}",-1.42,3348874.0,3745900.0,0.0,True,0.0,0,,,,,,20,25.4,0.0,30,forensic,17.7,低,低,17.7,低,風險不等於違法（Risk does not equal illegality）。本分數僅為稽查優先序參考，非違法或舞弊之認定。
N23,新北市菁湖非營利幼兒園,非營利,113,林口區,25.081489,121.391616,15712945,16339646,,-626701,1.0399,,0,,,,,16.8,0.0769,-0.0399,100.0,-0.3988,困境,2.6,"{'income_yoy_pct': 0.21, 'tuition_income_ratio': 0.0}",10.32,,,0.0,,0.0,0,,,,,,20,24.9,0.0,30,forensic,17.5,中,低,17.5,低,風險不等於違法（Risk does not equal illegality）。本分數僅為稽查優先序參考，非違法或舞弊之認定。
13628,新北市立烏來幼兒園,公校,114,烏來區,24.865209,121.552196,9698959,9341891,560900.0,357068,0.9632,0.03585,133,57.0,18.649,0.01685,True,8.6,-0.0994,0.0368,100.0,0.4953,困境,31.3,"{'tuition_income_ratio': 0.27, 'income_yoy_pct': 0.18}",-0.14,670300.0,1027368.0,0.0,True,0.0,0,,,優,,,20,35.9,0.0,0,forensic,17.4,低,低,17.4,低,風險不等於違法（Risk does not equal illegality）。本分數僅為稽查優先序參考，非違法或舞弊之認定。
N10,新北市大觀非營利幼兒園,非營利,113,板橋區,25.014641,121.454635,17552976,18076343,,-523367,1.0298,,0,,,,,17.7,0.0824,-0.0298,100.0,-0.2982,困境,2.1,"{'income_yoy_pct': 0.11, 'tuition_income_ratio': 0.0}",12.87,,,0.0,,0.0,0,,,,,,20,24.1,0.0,30,forensic,17.1,低,低,17.1,低,風險不等於違法（Risk does not equal illegality）。本分數僅為稽查優先序參考，非違法或舞弊之認定。
N30,新北市文中非營利幼兒園,非營利,113,新店區,24.971879,121.549296,14628366,14215626,,412740,0.9718,,0,,,,,24.0,0.1078,0.0282,100.0,0.2822,困境,2.5,"{'income_yoy_pct': 0.19, 'tuition_income_ratio': 0.0}",20.79,,,0.0,,0.0,0,,,,,,20,23.0,0.0,30,forensic,16.7,低,低,16.7,低,風險不等於違法（Risk does not equal illegality）。本分數僅為稽查優先序參考，非違法或舞弊之認定。
N37,新北市清水高中附設非營利幼兒園,非營利,113,土城區,24.964547,121.4393,9985305,8552444,8761524.0,1432861,0.8565,,0,,,,,0.0,,,77.7,1.435,灰色地帶,50.1,"{'tuition_income_ratio': 3.64, 'income_yoy_pct': 0.0}",,,,0.0,,0.0,0,,,,,,20,22.7,0.0,30,forensic,16.6,低,低,16.6,低,風險不等於違法（Risk does not equal illegality）。本分數僅為稽查優先序參考，非違法或舞弊之認定。
13602,新北市立三重幼兒園,公校,114,三重區,25.053687,121.484109,25553536,25859912,2362100.0,-306376,1.012,0.03509,149,50.0,21.192,0.00665,True,6.4,0.0332,-0.012,100.0,-0.0246,困境,19.1,"{'income_yoy_pct': 0.39, 'tuition_income_ratio': 0.1}",2.8,2334766.0,2028390.0,0.0,True,0.0,0,,,優,,,20,33.2,0.0,0,forensic,16.3,低,低,16.3,低,風險不等於違法（Risk does not equal illegality）。本分數僅為稽查優先序參考，非違法或舞弊之認定。
N31,新北市翠中非營利幼兒園,非營利,113,板橋區,25.008182,121.462803,13401418,12998533,,402885,0.9699,,0,,,,,17.5,0.0539,0.0301,100.0,0.3006,困境,4.0,"{'income_yoy_pct': 0.35, 'tuition_income_ratio': 0.0}",18.24,,,0.0,,0.0,0,,,,,,20,21.8,0.0,30,forensic,16.2,低,低,16.2,低,風險不等於違法（Risk does not equal illegality）。本分數僅為稽查優先序參考，非違法或舞弊之認定。
N15,新北市新月非營利幼兒園,非營利,113,板橋區,25.004698,121.464003,28187129,28950792,,-763663,1.0271,,0,,,,,10.0,0.0423,-0.0271,100.0,-0.2709,困境,3.1,"{'income_yoy_pct': 0.25, 'tuition_income_ratio': 0.0}",6.15,,,0.0,,0.0,0,,,,,,20,21.6,0.0,30,forensic,16.1,低,低,16.1,低,風險不等於違法（Risk does not equal illegality）。本分數僅為稽查優先序參考，非違法或舞弊之認定。
13609,新北市立三峽幼兒園,公校,114,三峽區,24.939138,121.363712,22641057,22018375,1469400.0,622682,0.9725,0.03444,178,48.0,21.445,0.00605,True,6.9,-0.076,0.0275,100.0,0.3336,困境,26.6,"{'tuition_income_ratio': 0.24, 'income_yoy_pct': 0.1}",0.79,481910.0,1104592.0,0.0,True,0.0,0,,,優,,,20,32.7,0.0,0,forensic,16.1,低,低,16.1,低,風險不等於違法（Risk does not equal illegality）。本分數僅為稽查優先序參考，非違法或舞弊之認定。
N26,新北市新店及人非營利幼兒園,非營利,113,新店區,24.968522,121.54547,14434369,13414200,,1020169,0.9293,,0,,,,,21.9,0.0723,0.0707,100.0,0.7068,困境,1.3,"{'income_yoy_pct': 0.07, 'tuition_income_ratio': 0.0}",15.14,,,0.0,,0.0,0,,,,,,20,21.4,0.0,30,forensic,16.1,低,低,16.1,低,風險不等於違法（Risk does not equal illegality）。本分數僅為稽查優先序參考，非違法或舞弊之認定。
13607,新北市立樹林幼兒園,公校,114,樹林區,24.995302,121.419961,25884549,26303005,2251500.0,-418456,1.0162,0.03218,164,45.0,19.182,0.01392,True,4.1,0.0165,-0.0162,100.0,0.083,困境,18.8,"{'income_yoy_pct': 0.36, 'tuition_income_ratio': 0.13}",1.56,5695594.0,5277138.0,0.0,True,0.0,0,,,優,,,20,31.9,0.0,0,forensic,15.8,低,低,15.8,低,風險不等於違法（Risk does not equal illegality）。本分數僅為稽查優先序參考，非違法或舞弊之認定。
13604,新北市立永和幼兒園,公校,114,永和區,25.012791,121.511317,55684966,59871024,5977403.0,-4186058,1.0752,0.02026,159,14.0,9.582,0.29559,False,11.1,0.0221,-0.0752,100.0,-0.7457,困境,10.0,"{'income_yoy_pct': 0.34, 'tuition_income_ratio': 0.03}",2.66,4468252.0,282194.0,0.0,True,0.0,0,,,優,,,20,31.6,0.0,0,forensic,15.6,低,低,15.6,低,風險不等於違法（Risk does not equal illegality）。本分數僅為稽查優先序參考，非違法或舞弊之認定。
N19,新北市中園非營利幼兒園,非營利,113,三峽區,24.935056,121.363728,20306043,20601128,,-295085,1.0145,,0,,,,,8.5,0.0315,-0.0145,100.0,-0.1453,困境,2.1,"{'income_yoy_pct': 0.1, 'tuition_income_ratio': 0.0}",7.87,,,0.0,,0.0,0,,,,,,20,19.9,0.0,30,forensic,15.5,低,低,15.5,低,風險不等於違法（Risk does not equal illegality）。本分數僅為稽查優先序參考，非違法或舞弊之認定。
N18,新北市福營非營利幼兒園,非營利,113,新莊區,25.03758,121.435664,17776711,16853916,,922795,0.9481,,0,,,,,12.8,-0.0825,0.0519,100.0,0.5191,困境,6.3,"{'income_yoy_pct': 0.48, 'tuition_income_ratio': 0.0}",7.06,,,0.0,,0.0,0,,,,,,20,19.7,0.0,30,forensic,15.4,低,低,15.4,低,風險不等於違法（Risk does not equal illegality）。本分數僅為稽查優先序參考，非違法或舞弊之認定。
N09,新北市安興非營利幼兒園,非營利,113,新店區,24.973477,121.544046,15297334,10105038,,5192296,0.6606,,0,,,,,50.0,-0.5176,0.3394,0.0,3.3942,安全,49.2,"{'income_yoy_pct': 2.65, 'tuition_income_ratio': 0.0}",3.1,,,0.0,,0.0,0,,,,,,20,19.8,0.0,30,forensic,15.4,低,低,15.4,低,風險不等於違法（Risk does not equal illegality）。本分數僅為稽查優先序參考，非違法或舞弊之認定。
N02,新北市山北非營利幼兒園,非營利,113,中和區,24.994038,121.504834,15866725,15191842,,674883,0.9575,,0,,,,,11.5,-0.0757,0.0425,100.0,0.4253,困境,5.9,"{'income_yoy_pct': 0.44, 'tuition_income_ratio': 0.0}",6.99,,,0.0,,0.0,0,,,,,,20,19.4,0.0,30,forensic,15.3,低,低,15.3,低,風險不等於違法（Risk does not equal illegality）。本分數僅為稽查優先序參考，非違法或舞弊之認定。
13615,新北市立泰山幼兒園,公校,114,泰山區,25.058445,121.423657,27368172,26338580,2579200.0,1029592,0.9624,0.0256,145,21.0,13.751,0.0885,False,14.0,-0.1488,0.0376,100.0,0.5595,困境,34.1,"{'income_yoy_pct': 0.77, 'tuition_income_ratio': 0.1}",5.61,3150849.0,4180441.0,0.0,True,0.0,0,,,優,,,20,30.4,0.0,0,forensic,15.2,低,低,15.2,低,風險不等於違法（Risk does not equal illegality）。本分數僅為稽查優先序參考，非違法或舞弊之認定。
N13,新北市三多非營利幼兒園,非營利,113,樹林區,24.986853,121.422176,14106044,14006528,,99516,0.9929,,0,,,,,6.9,-0.0001,0.0071,100.0,0.0705,困境,3.8,"{'income_yoy_pct': 0.32, 'tuition_income_ratio': 0.0}",12.33,,,0.0,,0.0,0,,,,,,20,19.0,0.0,30,forensic,15.1,低,低,15.1,低,風險不等於違法（Risk does not equal illegality）。本分數僅為稽查優先序參考，非違法或舞弊之認定。
N11,新北市新林非營利幼兒園,非營利,113,林口區,25.082672,121.39295,18980024,18425179,,554845,0.9708,,0,,,,,9.3,-0.0429,0.0292,100.0,0.2923,困境,4.0,"{'income_yoy_pct': 0.35, 'tuition_income_ratio': 0.0}",8.55,,,0.0,,0.0,0,,,,,,20,18.8,0.0,30,forensic,15.0,低,低,15.0,低,風險不等於違法（Risk does not equal illegality）。本分數僅為稽查優先序參考，非違法或舞弊之認定。
N21,新北市文創非營利幼兒園,非營利,113,林口區,25.071166,121.39212,14142103,13684798,,457305,0.9677,,0,,,,,9.6,-0.0825,0.0323,100.0,0.3234,困境,4.0,"{'income_yoy_pct': 0.34, 'tuition_income_ratio': 0.0}",4.56,,,0.0,,0.0,0,,,,,,20,18.2,0.0,30,forensic,14.8,低,低,14.8,低,風險不等於違法（Risk does not equal illegality）。本分數僅為稽查優先序參考，非違法或舞弊之認定。
N20,新北市柏翠非營利幼兒園,非營利,113,板橋區,25.006464,121.451721,25564753,21440731,,4124022,0.8387,,0,,,,,24.9,-0.0624,0.1613,65.8,1.6132,灰色地帶,10.0,"{'income_yoy_pct': 0.6, 'tuition_income_ratio': 0.0}",11.31,,,0.0,,0.0,0,,,,,,20,18.1,0.0,30,forensic,14.7,低,低,14.7,低,風險不等於違法（Risk does not equal illegality）。本分數僅為稽查優先序參考，非違法或舞弊之認定。
N28,新北市新樂非營利幼兒園,非營利,113,新莊區,25.030586,121.438771,30175635,29190029,,985606,0.9673,,0,,,,,8.6,-0.0494,0.0327,100.0,0.3266,困境,2.5,"{'income_yoy_pct': 0.22, 'tuition_income_ratio': 0.0}",5.69,,,0.0,,0.0,0,,,,,,20,17.9,0.0,30,forensic,14.7,低,低,14.7,低,風險不等於違法（Risk does not equal illegality）。本分數僅為稽查優先序參考，非違法或舞弊之認定。
13622,新北市立八里幼兒園,公校,114,八里區,25.158559,121.404588,18678396,18929109,1784730.0,-250713,1.0134,0.02659,148,28.0,13.674,0.09067,False,5.9,-0.0251,-0.0134,100.0,-0.0741,困境,14.1,"{'income_yoy_pct': 0.14, 'tuition_income_ratio': 0.09}",6.55,1186180.0,935467.0,0.0,True,0.0,0,,,優,,,20,27.9,0.0,0,forensic,14.2,低,低,14.2,低,風險不等於違法（Risk does not equal illegality）。本分數僅為稽查優先序參考，非違法或舞弊之認定。
N32,新北市板橋員工子女非營利幼兒園,非營利,113,板橋區,25.008539,121.452393,22671348,22507874,,163474,0.9928,,0,,,,,4.1,-0.0056,0.0072,100.0,0.0721,困境,0.3,"{'income_yoy_pct': 0.01, 'tuition_income_ratio': 0.0}",6.22,,,0.0,,0.0,0,,,,,,20,16.8,0.0,30,forensic,14.2,低,低,14.2,低,風險不等於違法（Risk does not equal illegality）。本分數僅為稽查優先序參考，非違法或舞弊之認定。
N38,新北市崁頂非營利幼兒園,非營利,113,淡水區,25.165706,121.440255,24490192,22276971,,2213221,0.9096,,0,,,,,0.0,,,100.0,0.9037,困境,0.0,"{'tuition_income_ratio': 0.0, 'income_yoy_pct': 0.0}",,,,0.0,,0.0,0,,,,,,20,15.0,0.0,30,forensic,13.5,低,低,13.5,低,風險不等於違法（Risk does not equal illegality）。本分數僅為稽查優先序參考，非違法或舞弊之認定。
13601,新北市立板橋幼兒園,公校,114,板橋區,25.008934,121.456499,35307451,35358061,3863100.0,-50610,1.0014,0.02684,178,29.0,19.268,0.01349,True,9.8,0.0454,-0.0014,100.0,0.1287,困境,5.6,"{'income_yoy_pct': 0.05, 'tuition_income_ratio': 0.02}",10.19,4257923.0,4207313.0,0.0,True,0.0,0,,,優,,,20,26.1,0.0,0,forensic,13.4,低,低,13.4,低,風險不等於違法（Risk does not equal illegality）。本分數僅為稽查優先序參考，非違法或舞弊之認定。
N36,新北市明德非營利幼兒園,非營利,113,土城區,24.975835,121.44491,12179040,10793597,,1385443,0.8862,,0,,,,,0.0,,,97.5,1.1376,灰色地帶,0.0,"{'tuition_income_ratio': 0.0, 'income_yoy_pct': 0.0}",,,,0.0,,0.0,0,,,,,,20,14.6,0.0,30,forensic,13.3,低,低,13.3,低,風險不等於違法（Risk does not equal illegality）。本分數僅為稽查優先序參考，非違法或舞弊之認定。
13610,新北市立淡水幼兒園,公校,114,淡水區,25.170833,121.440658,27621925,28171667,2991840.0,-549742,1.0199,0.02198,158,17.0,10.111,0.25735,False,4.5,0.0145,-0.0199,100.0,-0.1471,困境,9.4,"{'income_yoy_pct': 0.33, 'tuition_income_ratio': 0.03}",2.07,1745578.0,1195836.0,0.0,True,0.0,0,,,優,,,20,24.3,0.0,0,forensic,12.7,低,低,12.7,低,風險不等於違法（Risk does not equal illegality）。本分數僅為稽查優先序參考，非違法或舞弊之認定。
