park_id,park_name,park_type,year,district,lat,lng,income_actual,expense_actual,tuition_actual,surplus,expense_income_ratio,benford_mad,benford_sample_n,benford_score,benford_chi2,benford_pvalue,benford_significant,beneish_score,beneish_egdi,beneish_tata,altman_score,altman_z2,altman_zone,iforest_score,iforest_explain,expense_yoy_pct,fund_balance_end,fund_recon_score,fund_recon_consistent,fund_continuity_score,penalty_count,penalty_reason,penalty_category,eval_grade,penalty_records,neg_ratio,score_sentiment,score_financial,score_penalty,score_eval,scoring_profile,risk_total,risk_level,risk_level_abs,eng_risk_total,eng_risk_level,eng_not_illegality
13616,新北市立林口幼兒園,公校,114,林口區,25.080029,121.397462,21947493.0,23545162.0,2509662.0,-1597669.0,1.0728,0.03286,235,59.0,29.169,0.0003,True,28.1,0.1066,-0.0728,100.0,-0.5821,困境,53.4,"{'income_yoy_pct': -5.437, 'tuition_income_ratio': -0.688}",1.07,2668170.0,0.0,,0.0,2,超收幼生與收費違規,收費,乙,,1.0,100.0,53.4,90.0,40,forensic,69.4,高,高,69.4,中,風險不等於違法（Risk does not equal illegality）。本分數僅為稽查優先序參考，非違法或舞弊之認定。
13616,新北市立林口幼兒園,公校,112,林口區,25.080029,121.397462,21076861.0,20522228.0,2978300.0,554633.0,0.9737,0.05804,230,100.0,73.011,0.0,True,8.7,-0.0346,0.0263,100.0,0.4503,困境,50.8,"{'tuition_income_ratio': -3.222, 'income_yoy_pct': -2.583}",8.75,3287133.0,0.0,,0.0,2,超收幼生與收費違規,收費,乙,,1.0,100.0,51.1,90.0,40,forensic,68.4,高,高,68.4,中,風險不等於違法（Risk does not equal illegality）。本分數僅為稽查優先序參考，非違法或舞弊之認定。
A01,新北市板橋區板橋國民小學附設幼兒園,公立附幼,114,,,,,,,,,,0,,,,,0.0,,,0.0,,,0.0,"{'tuition_income_ratio': 1.431, 'income_yoy_pct': 1.139}",,,0.0,,0.0,4,照顧安全疑慮與多次收費違規,安全,乙,,,20.0,0.0,100.0,40,behavioral,66.0,高,高,66.0,中,風險不等於違法（Risk does not equal illegality）。本分數僅為稽查優先序參考，非違法或舞弊之認定。
13616,新北市立林口幼兒園,公校,113,林口區,25.080029,121.397462,24273802.0,23295096.0,2686400.0,978706.0,0.9597,0.01741,244,9.0,14.892,0.06129,False,11.6,-0.0166,0.0403,100.0,0.6141,困境,43.0,"{'income_yoy_pct': -4.791, 'tuition_income_ratio': -0.021}",13.51,4265839.0,0.0,,0.0,2,超收幼生與收費違規,收費,乙,,1.0,100.0,30.6,90.0,40,forensic,60.2,高,高,60.2,中,風險不等於違法（Risk does not equal illegality）。本分數僅為稽查優先序參考，非違法或舞弊之認定。
13620,新北市立三芝幼兒園,公校,114,三芝區,25.261702,121.506044,16827935.0,17103367.0,1311400.0,-275432.0,1.0164,0.05796,237,98.0,77.977,0.0,True,4.8,0.0154,-0.0164,100.0,-0.1088,困境,34.0,"{'tuition_income_ratio': -3.637, 'income_yoy_pct': 0.069}",3.31,769340.0,0.0,,0.0,1,師生比不符規定,人力,良,,1.0,100.0,47.4,70.0,20,forensic,58.0,高,中,58.0,中,風險不等於違法（Risk does not equal illegality）。本分數僅為稽查優先序參考，非違法或舞弊之認定。
13620,新北市立三芝幼兒園,公校,112,三芝區,25.261702,121.506044,15933816.0,16080278.0,1346400.0,-146462.0,1.0092,0.04723,236,91.0,57.249,0.0,True,3.7,0.0104,-0.0092,100.0,-0.0117,困境,29.6,"{'tuition_income_ratio': -3.179, 'income_yoy_pct': 0.262}",3.39,1064755.0,0.0,,0.0,1,師生比不符規定,人力,良,,1.0,100.0,43.8,70.0,20,forensic,56.5,高,中,56.5,中,風險不等於違法（Risk does not equal illegality）。本分數僅為稽查優先序參考，非違法或舞弊之認定。
13620,新北市立三芝幼兒園,公校,113,三芝區,25.261702,121.506044,16536039.0,16556022.0,1295600.0,-19983.0,1.0012,0.04357,245,88.0,45.47,0.0,True,2.0,-0.0082,-0.0012,100.0,0.0637,困境,34.3,"{'tuition_income_ratio': -3.768, 'income_yoy_pct': 0.146}",2.96,1044772.0,0.0,,0.0,1,師生比不符規定,人力,良,,1.0,100.0,42.9,70.0,20,forensic,56.2,高,中,56.2,中,風險不等於違法（Risk does not equal illegality）。本分數僅為稽查優先序參考，非違法或舞弊之認定。
A02,新北市三重區三重國民小學附設幼兒園,公立附幼,114,,,,,,,,,,0,,,,,0.0,,,0.0,,,0.0,"{'tuition_income_ratio': 1.431, 'income_yoy_pct': 1.139}",,,0.0,,0.0,1,設施安全缺失,安全,良,,,20.0,0.0,90.0,20,behavioral,55.0,高,中,55.0,中,風險不等於違法（Risk does not equal illegality）。本分數僅為稽查優先序參考，非違法或舞弊之認定。
13603,新北市立中和幼兒園,公校,113,中和區,24.999214,121.50355,34716076.0,36298819.0,3720350.0,-1582743.0,1.0456,0.03589,234,71.0,33.241,6e-05,True,12.6,0.0444,-0.0456,100.0,-0.3221,困境,29.3,"{'income_yoy_pct': -3.096, 'tuition_income_ratio': 0.219}",1.7,3870220.0,0.0,,0.0,1,設施安全缺失,安全,良,,0.0,0.0,45.0,90.0,20,forensic,48.0,高,中,48.0,中,風險不等於違法（Risk does not equal illegality）。本分數僅為稽查優先序參考，非違法或舞弊之認定。
13614,新北市立五股幼兒園,公校,112,五股區,25.079135,121.436692,43365351.0,45176519.0,7045100.0,-1811168.0,1.0418,0.02467,244,24.0,18.063,0.02076,True,14.7,0.0477,-0.0418,100.0,-0.3698,困境,66.8,"{'tuition_income_ratio': -6.479, 'income_yoy_pct': -1.164}",11.54,1730951.0,0.0,,0.0,1,人員資格不符,人力,良,,,20.0,44.3,70.0,20,forensic,44.7,高,中,44.7,中,風險不等於違法（Risk does not equal illegality）。本分數僅為稽查優先序參考，非違法或舞弊之認定。
13603,新北市立中和幼兒園,公校,114,中和區,24.999214,121.50355,38510595.0,37867505.0,3412275.0,643090.0,0.9833,0.01984,222,14.0,18.68,0.01667,True,7.1,-0.0661,0.0167,100.0,0.3076,困境,38.0,"{'income_yoy_pct': -2.51, 'tuition_income_ratio': -1.625}",4.32,4513310.0,0.0,,0.0,1,設施安全缺失,安全,良,,0.0,0.0,28.3,90.0,20,forensic,41.3,高,中,41.3,中,風險不等於違法（Risk does not equal illegality）。本分數僅為稽查優先序參考，非違法或舞弊之認定。
13614,新北市立五股幼兒園,公校,114,五股區,25.079135,121.436692,48436760.0,49231392.0,5782800.0,-794632.0,1.0164,0.03208,256,53.0,31.324,0.00012,True,3.2,0.0014,-0.0164,100.0,-0.1584,困境,21.9,"{'tuition_income_ratio': -2.242, 'income_yoy_pct': 0.548}",2.8,228170.0,0.0,,0.0,1,人員資格不符,人力,良,,,20.0,34.4,70.0,20,forensic,40.8,中,中,40.8,中,風險不等於違法（Risk does not equal illegality）。本分數僅為稽查優先序參考，非違法或舞弊之認定。
13603,新北市立中和幼兒園,公校,112,中和區,24.999214,121.50355,35693126.0,35690856.0,4255200.0,2270.0,0.9999,0.01491,243,3.0,9.714,0.28565,False,5.7,0.0239,0.0001,100.0,0.184,困境,36.1,"{'income_yoy_pct': -2.55, 'tuition_income_ratio': -1.323}",-1.77,5452963.0,0.0,,0.0,1,設施安全缺失,安全,良,,0.0,0.0,24.9,90.0,20,forensic,40.0,中,中,40.0,中,風險不等於違法（Risk does not equal illegality）。本分數僅為稽查優先序參考，非違法或舞弊之認定。
13611,新北市立瑞芳幼兒園,公校,112,瑞芳區,25.102859,121.805918,4347643.0,7343377.0,481900.0,-2995734.0,1.689,0.02108,209,17.0,17.163,0.02845,True,92.1,0.2808,-0.689,100.0,-7.5838,困境,100.0,"{'income_yoy_pct': -10.666, 'tuition_income_ratio': -0.129}",-34.34,-2512055.0,0.0,,0.0,0,,,,,,20.0,77.9,0.0,30,forensic,38.7,中,中,38.7,低,風險不等於違法（Risk does not equal illegality）。本分數僅為稽查優先序參考，非違法或舞弊之認定。
13626,新北市立金山幼兒園,公校,113,金山區,25.226216,121.634754,8165418.0,9233243.0,473100.0,-1067825.0,1.1308,0.03709,226,72.0,37.409,1e-05,True,39.8,0.0565,-0.1308,100.0,-1.5372,困境,93.7,"{'income_yoy_pct': -6.309, 'tuition_income_ratio': -3.94}",-30.91,-1561569.0,0.0,,0.0,0,,,,,,20.0,76.4,0.0,30,forensic,38.1,中,中,38.1,低,風險不等於違法（Risk does not equal illegality）。本分數僅為稽查優先序參考，非違法或舞弊之認定。
13617,新北市立深坑幼兒園,公校,113,深坑區,25.003407,121.622597,13888565.0,14129339.0,1153400.0,-240774.0,1.0173,0.04548,230,90.0,47.774,0.0,True,10.1,0.0506,-0.0173,100.0,-0.1201,困境,31.2,"{'tuition_income_ratio': -3.056, 'income_yoy_pct': -0.108}",6.58,615881.0,0.0,,0.0,1,財務申報缺失,行政,乙,,,20.0,46.5,35.0,40,forensic,38.1,中,中,38.1,低,風險不等於違法（Risk does not equal illegality）。本分數僅為稽查優先序參考，非違法或舞弊之認定。
13617,新北市立深坑幼兒園,公校,112,深坑區,25.003407,121.622597,13681266.0,13257059.0,1180611.0,424207.0,0.969,0.04827,227,93.0,53.933,0.0,True,7.8,-0.0375,0.031,100.0,0.3852,困境,35.0,"{'tuition_income_ratio': -1.912, 'income_yoy_pct': -1.808}",5.59,856655.0,0.0,,0.0,1,財務申報缺失,行政,乙,,,20.0,45.4,35.0,40,forensic,37.7,中,中,37.7,低,風險不等於違法（Risk does not equal illegality）。本分數僅為稽查優先序參考，非違法或舞弊之認定。
13617,新北市立深坑幼兒園,公校,114,深坑區,25.003407,121.622597,15152378.0,14740018.0,1129700.0,412360.0,0.9728,0.04171,234,83.0,42.435,0.0,True,7.3,-0.0478,0.0272,100.0,0.3536,困境,42.8,"{'tuition_income_ratio': -3.289, 'income_yoy_pct': -1.496}",4.32,1028241.0,0.0,,0.0,1,財務申報缺失,行政,乙,,,20.0,44.6,35.0,40,forensic,37.3,中,中,37.3,低,風險不等於違法（Risk does not equal illegality）。本分數僅為稽查優先序參考，非違法或舞弊之認定。
13626,新北市立金山幼兒園,公校,112,金山區,25.226216,121.634754,12871186.0,13364930.0,995400.0,-493744.0,1.0384,0.04196,222,84.0,44.615,0.0,True,22.6,0.1215,-0.0384,100.0,-0.284,困境,39.0,"{'tuition_income_ratio': -3.07, 'income_yoy_pct': -1.212}",11.12,1067825.0,0.0,,0.0,0,,,,,,20.0,52.3,0.0,30,forensic,28.4,中,低,28.4,低,風險不等於違法（Risk does not equal illegality）。本分數僅為稽查優先序參考，非違法或舞弊之認定。
13610,新北市立淡水幼兒園,公校,113,淡水區,25.170833,121.440658,27450698.0,27599204.0,3481160.0,-148506.0,1.0054,0.04002,248,81.0,53.873,0.0,True,21.5,0.0376,-0.0054,100.0,0.0222,困境,82.0,"{'income_yoy_pct': -7.312, 'tuition_income_ratio': -1.863}",34.33,1745578.0,0.0,,0.0,0,,,優,,,20.0,60.7,0.0,0,forensic,27.3,中,低,27.3,低,風險不等於違法（Risk does not equal illegality）。本分數僅為稽查優先序參考，非違法或舞弊之認定。
13613,新北市立蘆洲幼兒園,公校,112,蘆洲區,25.089502,121.480558,13505881.0,14277508.0,2172500.0,-771627.0,1.0571,0.02658,212,31.0,17.076,0.02933,True,25.3,0.1138,-0.0571,100.0,-0.5404,困境,68.2,"{'tuition_income_ratio': -5.581, 'income_yoy_pct': -2.208}",6.4,348108.0,0.0,,0.0,0,,,,,,20.0,49.0,0.0,30,forensic,27.1,中,低,27.1,低,風險不等於違法（Risk does not equal illegality）。本分數僅為稽查優先序參考，非違法或舞弊之認定。
13627,新北市立萬里幼兒園,公校,112,萬里區,25.180472,121.695707,11818383.0,11889333.0,522625.0,-70950.0,1.006,0.04212,195,86.0,34.064,4e-05,True,2.5,-0.0041,-0.006,100.0,-0.0058,困境,73.3,"{'tuition_income_ratio': -6.291, 'income_yoy_pct': -2.028}",-4.18,534376.0,0.0,,0.0,0,,,良,,,20.0,51.9,0.0,20,forensic,26.8,中,低,26.8,低,風險不等於違法（Risk does not equal illegality）。本分數僅為稽查優先序參考，非違法或舞弊之認定。
13615,新北市立泰山幼兒園,公校,113,泰山區,25.058445,121.423657,22714012.0,24939596.0,2489500.0,-2225584.0,1.098,0.03749,240,74.0,39.084,0.0,True,33.3,0.128,-0.098,100.0,-0.8134,困境,43.9,"{'income_yoy_pct': -5.304, 'tuition_income_ratio': 0.366}",4.11,3150849.0,0.0,,0.0,0,,,優,,,20.0,59.0,0.0,0,forensic,26.6,中,低,26.6,低,風險不等於違法（Risk does not equal illegality）。本分數僅為稽查優先序參考，非違法或舞弊之認定。
13627,新北市立萬里幼兒園,公校,113,萬里區,25.180472,121.695707,12798006.0,12901514.0,453400.0,-103508.0,1.0081,0.0377,218,76.0,29.579,0.00025,True,5.3,0.0022,-0.0081,100.0,-0.0405,困境,67.0,"{'tuition_income_ratio': -6.498, 'income_yoy_pct': -1.167}",8.51,430868.0,0.0,,0.0,0,,,良,,,20.0,49.7,0.0,20,forensic,25.9,中,低,25.9,低,風險不等於違法（Risk does not equal illegality）。本分數僅為稽查優先序參考，非違法或舞弊之認定。
13606,新北市立新店幼兒園,公校,113,新店區,24.964214,121.548541,31941741.0,34055112.0,4368700.0,-2113371.0,1.0662,0.03509,260,67.0,40.065,0.0,True,16.8,0.0571,-0.0662,100.0,-0.4491,困境,35.2,"{'tuition_income_ratio': -4.314, 'income_yoy_pct': 0.572}",8.85,5656719.0,0.0,,0.0,0,,,良,,,20.0,49.7,0.0,20,forensic,25.9,中,低,25.9,低,風險不等於違法（Risk does not equal illegality）。本分數僅為稽查優先序參考，非違法或舞弊之認定。
13627,新北市立萬里幼兒園,公校,114,萬里區,25.180472,121.695707,14058674.0,13944811.0,299700.0,113863.0,0.9919,0.03502,211,66.0,28.185,0.00044,True,5.7,-0.0176,0.0081,100.0,0.1275,困境,77.9,"{'tuition_income_ratio': -7.284, 'income_yoy_pct': -1.496}",8.09,544731.0,0.0,,0.0,0,,,良,,,20.0,48.9,0.0,20,forensic,25.6,中,低,25.6,低,風險不等於違法（Risk does not equal illegality）。本分數僅為稽查優先序參考，非違法或舞弊之認定。
13628,新北市立烏來幼兒園,公校,112,烏來區,24.865209,121.552196,8495375.0,8665943.0,648400.0,-170568.0,1.0201,0.04841,207,95.0,59.438,0.0,True,19.1,0.0859,-0.0201,100.0,-0.0324,困境,57.8,"{'income_yoy_pct': -3.823, 'tuition_income_ratio': -2.817}",0.21,1191846.0,0.0,,0.0,0,,,優,,,20.0,54.3,0.0,0,forensic,24.7,中,低,24.7,低,風險不等於違法（Risk does not equal illegality）。本分數僅為稽查優先序參考，非違法或舞弊之認定。
13612,新北市立土城幼兒園,公校,113,土城區,24.974004,121.437368,31356465.0,31521327.0,4200275.0,-164862.0,1.0053,0.03919,266,78.0,45.941,0.0,True,4.1,0.004,-0.0053,100.0,0.0551,困境,37.2,"{'tuition_income_ratio': -3.056, 'income_yoy_pct': -0.972}",6.34,2813061.0,0.0,,0.0,0,,,,,,20.0,42.7,0.0,30,forensic,24.6,中,低,24.6,低,風險不等於違法（Risk does not equal illegality）。本分數僅為稽查優先序參考，非違法或舞弊之認定。
13606,新北市立新店幼兒園,公校,112,新店區,24.964214,121.548541,30971333.0,31287430.0,4444303.0,-316097.0,1.0102,0.03408,256,62.0,42.688,0.0,True,13.8,0.0579,-0.0102,100.0,0.199,困境,46.9,"{'tuition_income_ratio': -3.803, 'income_yoy_pct': -1.518}",14.04,7770090.0,0.0,,0.0,0,,,良,,,20.0,44.8,0.0,20,forensic,23.9,中,低,23.9,低,風險不等於違法（Risk does not equal illegality）。本分數僅為稽查優先序參考，非違法或舞弊之認定。
13612,新北市立土城幼兒園,公校,112,土城區,24.974004,121.437368,29597399.0,29642445.0,4645950.0,-45046.0,1.0015,0.02722,269,36.0,24.308,0.00203,True,5.9,-0.0138,-0.0015,100.0,0.1055,困境,63.8,"{'tuition_income_ratio': -5.108, 'income_yoy_pct': -2.211}",10.2,2977923.0,0.0,,0.0,0,,,,,,20.0,39.8,0.0,30,forensic,23.4,中,低,23.4,低,風險不等於違法（Risk does not equal illegality）。本分數僅為稽查優先序參考，非違法或舞弊之認定。
13613,新北市立蘆洲幼兒園,公校,113,蘆洲區,25.089502,121.480558,14922049.0,14931682.0,2051300.0,-9633.0,1.0006,0.03248,216,57.0,45.642,0.0,True,5.3,-0.059,-0.0006,100.0,0.0208,困境,45.5,"{'tuition_income_ratio': -3.099, 'income_yoy_pct': -2.051}",4.58,338475.0,0.0,,0.0,0,,,,,,20.0,39.3,0.0,30,forensic,23.2,中,低,23.2,低,風險不等於違法（Risk does not equal illegality）。本分數僅為稽查優先序參考，非違法或舞弊之認定。
13605,新北市立新莊幼兒園,公校,112,新莊區,25.038469,121.428449,29855693.0,29632880.0,4541600.0,222813.0,0.9925,0.03358,239,60.0,34.762,3e-05,True,6.3,0.0244,0.0075,100.0,0.2092,困境,58.1,"{'tuition_income_ratio': -4.773, 'income_yoy_pct': -1.904}",-1.43,3348874.0,0.0,,0.0,0,,,,,0.0,0.0,42.3,0.0,30,forensic,21.4,中,低,21.4,低,風險不等於違法（Risk does not equal illegality）。本分數僅為稽查優先序參考，非違法或舞弊之認定。
13622,新北市立八里幼兒園,公校,113,八里區,25.158559,121.404588,17126793.0,17765133.0,1872075.0,-638340.0,1.0373,0.05324,239,97.0,78.099,0.0,True,7.2,0.017,-0.0373,100.0,-0.2896,困境,10.4,"{'tuition_income_ratio': 0.63, 'income_yoy_pct': -0.258}",3.5,1186180.0,0.0,,0.0,0,,,優,,,20.0,44.9,0.0,0,forensic,21.0,低,低,21.0,低,風險不等於違法（Risk does not equal illegality）。本分數僅為稽查優先序參考，非違法或舞弊之認定。
13604,新北市立永和幼兒園,公校,113,永和區,25.012791,121.511317,55439087.0,58322097.0,7045729.0,-2883010.0,1.052,0.02691,249,34.0,23.325,0.00297,True,19.0,0.063,-0.052,100.0,-0.4233,困境,52.6,"{'income_yoy_pct': -4.073, 'tuition_income_ratio': -1.958}",-2.46,4468252.0,0.0,,0.0,0,,,優,,,20.0,43.9,0.0,0,forensic,20.6,低,低,20.6,低,風險不等於違法（Risk does not equal illegality）。本分數僅為稽查優先序參考，非違法或舞弊之認定。
13622,新北市立八里幼兒園,公校,112,八里區,25.158559,121.404588,16824043.0,17164360.0,1879776.0,-340317.0,1.0202,0.03955,221,79.0,35.109,3e-05,True,12.6,0.0648,-0.0202,100.0,-0.0721,困境,27.0,"{'income_yoy_pct': -2.146, 'tuition_income_ratio': -0.37}",4.82,1824520.0,0.0,,0.0,0,,,優,,,20.0,43.7,0.0,0,forensic,20.5,低,低,20.5,低,風險不等於違法（Risk does not equal illegality）。本分數僅為稽查優先序參考，非違法或舞弊之認定。
13601,新北市立板橋幼兒園,公校,112,板橋區,25.008934,121.456499,29359365.0,30543972.0,3982100.0,-1184607.0,1.0403,0.02987,259,47.0,30.892,0.00015,True,14.2,0.0555,-0.0403,100.0,-0.2838,困境,35.9,"{'tuition_income_ratio': -4.02, 'income_yoy_pct': 0.179}",9.21,2927106.0,0.0,,0.0,0,,,優,,,20.0,42.0,0.0,0,forensic,19.8,低,低,19.8,低,風險不等於違法（Risk does not equal illegality）。本分數僅為稽查優先序參考，非違法或舞弊之認定。
13606,新北市立新店幼兒園,公校,114,新店區,24.964214,121.548541,32530025.0,33924460.0,3507600.0,-1394435.0,1.0429,0.02997,262,48.0,23.779,0.0025,True,5.2,-0.0223,-0.0429,100.0,-0.2714,困境,10.5,"{'tuition_income_ratio': 0.641, 'income_yoy_pct': -0.275}",-0.38,4262284.0,0.0,,0.0,0,,,良,,,20.0,34.0,0.0,20,forensic,19.6,低,低,19.6,低,風險不等於違法（Risk does not equal illegality）。本分數僅為稽查優先序參考，非違法或舞弊之認定。
13628,新北市立烏來幼兒園,公校,113,烏來區,24.865209,121.552196,8833597.0,9355143.0,631100.0,-521546.0,1.059,0.0253,218,26.0,17.064,0.02945,True,13.9,0.0397,-0.059,100.0,-0.4994,困境,44.2,"{'tuition_income_ratio': -5.042, 'income_yoy_pct': 0.068}",7.95,670300.0,0.0,,0.0,0,,,優,,,20.0,41.2,0.0,0,forensic,19.5,低,低,19.5,低,風險不等於違法（Risk does not equal illegality）。本分數僅為稽查優先序參考，非違法或舞弊之認定。
13628,新北市立烏來幼兒園,公校,114,烏來區,24.865209,121.552196,9698959.0,9341891.0,560900.0,357068.0,0.9632,0.0323,214,55.0,22.934,0.00345,True,8.6,-0.0994,0.0368,100.0,0.4953,困境,56.1,"{'tuition_income_ratio': -5.027, 'income_yoy_pct': -1.415}",-0.14,1027368.0,0.0,,0.0,0,,,優,,,20.0,40.9,0.0,0,forensic,19.4,低,低,19.4,低,風險不等於違法（Risk does not equal illegality）。本分數僅為稽查優先序參考，非違法或舞弊之認定。
N12,新北市昌福非營利幼兒園,非營利,113,鶯歌區,24.960882,121.356801,10187424.0,11370948.0,,-1183524.0,1.1162,,0,,,,,0.0,,,100.0,-1.1618,困境,0.0,"{'tuition_income_ratio': 1.431, 'income_yoy_pct': 1.139}",,,0.0,,0.0,0,,,,,,20.0,27.6,0.0,30,forensic,18.5,高,低,18.5,低,風險不等於違法（Risk does not equal illegality）。本分數僅為稽查優先序參考，非違法或舞弊之認定。
13615,新北市立泰山幼兒園,公校,114,泰山區,25.058445,121.423657,27368172.0,26338580.0,2579200.0,1029592.0,0.9624,0.02571,232,29.0,19.224,0.01371,True,14.0,-0.1488,0.0376,100.0,0.5595,困境,60.5,"{'income_yoy_pct': -5.64, 'tuition_income_ratio': -1.315}",5.61,4180441.0,0.0,,0.0,0,,,優,,,20.0,38.0,0.0,0,forensic,18.2,低,低,18.2,低,風險不等於違法（Risk does not equal illegality）。本分數僅為稽查優先序參考，非違法或舞弊之認定。
13602,新北市立三重幼兒園,公校,112,三重區,25.053687,121.484109,24220462.0,24527273.0,2936850.0,-306811.0,1.0127,0.0308,239,52.0,31.57,0.00011,True,8.2,0.033,-0.0127,100.0,-0.0373,困境,36.6,"{'income_yoy_pct': -2.31, 'tuition_income_ratio': -1.628}",-0.64,1804261.0,0.0,,0.0,0,,,優,,,20.0,37.5,0.0,0,forensic,18.0,低,低,18.0,低,風險不等於違法（Risk does not equal illegality）。本分數僅為稽查優先序參考，非違法或舞弊之認定。
13607,新北市立樹林幼兒園,公校,113,樹林區,24.995302,121.419961,25906522.0,25897868.0,2359700.0,8654.0,0.9997,0.03552,248,69.0,32.394,8e-05,True,2.4,-0.0045,0.0003,100.0,0.2672,困境,27.0,"{'tuition_income_ratio': -1.983, 'income_yoy_pct': -0.532}",4.27,5695594.0,0.0,,0.0,0,,,優,,,20.0,37.2,0.0,0,forensic,17.9,低,低,17.9,低,風險不等於違法（Risk does not equal illegality）。本分數僅為稽查優先序參考，非違法或舞弊之認定。
13605,新北市立新莊幼兒園,公校,113,新莊區,25.038469,121.428449,29608380.0,29211354.0,3933500.0,397026.0,0.9866,0.02784,249,40.0,19.448,0.01264,True,1.8,-0.0059,0.0134,100.0,0.2859,困境,40.4,"{'tuition_income_ratio': -3.057, 'income_yoy_pct': -1.409}",-1.42,3745900.0,0.0,,0.0,0,,,,,0.0,0.0,33.2,0.0,30,forensic,17.8,低,低,17.8,低,風險不等於違法（Risk does not equal illegality）。本分數僅為稽查優先序參考，非違法或舞弊之認定。
13609,新北市立三峽幼兒園,公校,114,三峽區,24.939138,121.363712,22641057.0,22018375.0,1469400.0,622682.0,0.9725,0.02866,279,43.0,27.29,0.00063,True,6.9,-0.076,0.0275,100.0,0.3336,困境,51.1,"{'tuition_income_ratio': -4.594, 'income_yoy_pct': -1.257}",0.79,1104592.0,0.0,,0.0,0,,,優,,,20.0,37.0,0.0,0,forensic,17.8,低,低,17.8,低,風險不等於違法（Risk does not equal illegality）。本分數僅為稽查優先序參考，非違法或舞弊之認定。
13609,新北市立三峽幼兒園,公校,112,三峽區,24.939138,121.363712,20761887.0,20447020.0,2050669.0,314867.0,0.9848,0.03484,254,64.0,31.572,0.00011,True,4.5,-0.0606,0.0152,100.0,0.2349,困境,29.3,"{'tuition_income_ratio': -1.488, 'income_yoy_pct': -1.382}",-0.09,1439649.0,0.0,,0.0,0,,,優,,,20.0,36.3,0.0,0,forensic,17.5,低,低,17.5,低,風險不等於違法（Risk does not equal illegality）。本分數僅為稽查優先序參考，非違法或舞弊之認定。
13602,新北市立三重幼兒園,公校,114,三重區,25.053687,121.484109,25553536.0,25859912.0,2362100.0,-306376.0,1.012,0.02956,243,45.0,27.364,0.00061,True,6.4,0.0332,-0.012,100.0,-0.0246,困境,31.3,"{'tuition_income_ratio': -1.799, 'income_yoy_pct': -1.376}",2.8,2028390.0,0.0,,0.0,0,,,優,,,20.0,34.8,0.0,0,forensic,16.9,低,低,16.9,低,風險不等於違法（Risk does not equal illegality）。本分數僅為稽查優先序參考，非違法或舞弊之認定。
13622,新北市立八里幼兒園,公校,114,八里區,25.158559,121.404588,18678396.0,18929109.0,1784730.0,-250713.0,1.0134,0.0277,229,38.0,24.081,0.00222,True,5.9,-0.0251,-0.0134,100.0,-0.0741,困境,33.1,"{'income_yoy_pct': -1.977, 'tuition_income_ratio': -1.466}",6.55,935467.0,0.0,,0.0,0,,,優,,,20.0,34.3,0.0,0,forensic,16.7,低,低,16.7,低,風險不等於違法（Risk does not equal illegality）。本分數僅為稽查優先序參考，非違法或舞弊之認定。
13607,新北市立樹林幼兒園,公校,114,樹林區,24.995302,121.419961,25884549.0,26303005.0,2251500.0,-418456.0,1.0162,0.02818,255,41.0,22.492,0.00408,True,4.1,0.0165,-0.0162,100.0,0.083,困境,31.4,"{'tuition_income_ratio': -2.235, 'income_yoy_pct': -0.951}",1.56,5277138.0,0.0,,0.0,0,,,優,,,20.0,33.8,0.0,0,forensic,16.5,低,低,16.5,低,風險不等於違法（Risk does not equal illegality）。本分數僅為稽查優先序參考，非違法或舞弊之認定。
N06,新北市昌平非營利幼兒園,非營利,113,新莊區,25.034201,121.426549,11894400.0,12594652.0,,-700252.0,1.0589,,0,,,,,0.0,,,100.0,-0.5887,困境,0.0,"{'tuition_income_ratio': 1.431, 'income_yoy_pct': 1.139}",,,0.0,,0.0,0,,,,,,20.0,22.1,0.0,30,forensic,16.3,高,低,16.3,低,風險不等於違法（Risk does not equal illegality）。本分數僅為稽查優先序參考，非違法或舞弊之認定。
13604,新北市立永和幼兒園,公校,114,永和區,25.012791,121.511317,55684966.0,59871024.0,5977403.0,-4186058.0,1.0752,0.02027,334,16.0,19.404,0.01284,True,11.1,0.0221,-0.0752,100.0,-0.7457,困境,15.7,"{'income_yoy_pct': -1.181, 'tuition_income_ratio': 0.559}",2.66,282194.0,0.0,,0.0,0,,,優,,,20.0,33.3,0.0,0,forensic,16.3,低,低,16.3,低,風險不等於違法（Risk does not equal illegality）。本分數僅為稽查優先序參考，非違法或舞弊之認定。
N08,新北市鷺江非營利幼兒園,非營利,113,蘆洲區,25.089403,121.480409,11524800.0,12209294.0,,-684494.0,1.0594,,0,,,,,0.0,,,100.0,-0.5939,困境,0.0,"{'tuition_income_ratio': 1.431, 'income_yoy_pct': 1.139}",,,0.0,,0.0,0,,,,,,20.0,22.1,0.0,30,forensic,16.3,高,低,16.3,低,風險不等於違法（Risk does not equal illegality）。本分數僅為稽查優先序參考，非違法或舞弊之認定。
13615,新北市立泰山幼兒園,公校,112,泰山區,25.058445,121.423657,24874852.0,23954199.0,2885900.0,920653.0,0.963,0.01968,234,12.0,13.161,0.10643,False,12.7,0.0056,0.037,100.0,0.6295,困境,48.3,"{'income_yoy_pct': -4.596, 'tuition_income_ratio': -0.905}",16.83,5376433.0,0.0,,0.0,0,,,優,,,20.0,33.1,0.0,0,forensic,16.2,低,低,16.2,低,風險不等於違法（Risk does not equal illegality）。本分數僅為稽查優先序參考，非違法或舞弊之認定。
13601,新北市立板橋幼兒園,公校,113,板橋區,25.008934,121.456499,33417982.0,32087165.0,4161500.0,1330817.0,0.9602,0.02348,276,21.0,21.126,0.00682,True,10.9,-0.0877,0.0398,100.0,0.5511,困境,47.4,"{'income_yoy_pct': -3.545, 'tuition_income_ratio': -1.844}",5.05,4257923.0,0.0,,0.0,0,,,優,,,20.0,32.7,0.0,0,forensic,16.1,低,低,16.1,低,風險不等於違法（Risk does not equal illegality）。本分數僅為稽查優先序參考，非違法或舞弊之認定。
N19,新北市中園非營利幼兒園,非營利,113,三峽區,24.935056,121.363728,18539520.0,17031282.0,,-1508238.0,0.9186,,0,,,,,0.0,,,100.0,0.2766,困境,0.0,"{'tuition_income_ratio': 1.431, 'income_yoy_pct': 1.139}",,,0.0,,0.0,0,,,,,,20.0,21.5,0.0,30,forensic,16.1,高,低,16.1,低,風險不等於違法（Risk does not equal illegality）。本分數僅為稽查優先序參考，非違法或舞弊之認定。
N07,新北市北大非營利幼兒園,非營利,113,三峽區,24.929746,121.376919,20396448.0,21442200.0,,-1045752.0,1.0513,,0,,,,,0.0,,,100.0,-0.5127,困境,0.0,"{'tuition_income_ratio': 1.431, 'income_yoy_pct': 1.139}",,,0.0,,0.0,0,,,,,,20.0,21.2,0.0,30,forensic,16.0,高,低,16.0,低,風險不等於違法（Risk does not equal illegality）。本分數僅為稽查優先序參考，非違法或舞弊之認定。
N09,新北市安興非營利幼兒園,非營利,113,新店區,24.973477,121.544046,6997536.0,7328153.0,,-330617.0,1.0472,,0,,,,,0.0,,,100.0,-0.4725,困境,0.0,"{'tuition_income_ratio': 1.431, 'income_yoy_pct': 1.139}",,,0.0,,0.0,0,,,,,,20.0,20.7,0.0,30,forensic,15.8,高,低,15.8,低,風險不等於違法（Risk does not equal illegality）。本分數僅為稽查優先序參考，非違法或舞弊之認定。
13610,新北市立淡水幼兒園,公校,112,淡水區,25.170833,121.440658,21023774.0,20545744.0,2806020.0,478030.0,0.9773,0.02144,261,19.0,18.69,0.01661,True,4.7,-0.0733,0.0227,100.0,0.3355,困境,45.0,"{'income_yoy_pct': -2.62, 'tuition_income_ratio': -2.455}",-12.24,1894084.0,0.0,,0.0,0,,,優,,,20.0,31.8,0.0,0,forensic,15.7,低,低,15.7,低,風險不等於違法（Risk does not equal illegality）。本分數僅為稽查優先序參考，非違法或舞弊之認定。
N11,新北市新林非營利幼兒園,非營利,110,林口區,25.082672,121.39295,13011552.0,13596907.0,,-585355.0,1.045,,0,,,,,0.0,,,100.0,-0.4499,困境,0.0,"{'tuition_income_ratio': 1.431, 'income_yoy_pct': 1.139}",,,0.0,,0.0,0,,,,,,20.0,20.4,0.0,30,forensic,15.7,高,低,15.7,低,風險不等於違法（Risk does not equal illegality）。本分數僅為稽查優先序參考，非違法或舞弊之認定。
N23,新北市菁湖非營利幼兒園,非營利,113,林口區,25.081489,121.391616,13899600.0,13011939.0,,-887661.0,0.9361,,0,,,,,0.0,,,100.0,0.2171,困境,0.0,"{'tuition_income_ratio': 1.431, 'income_yoy_pct': 1.139}",,,0.0,,0.0,0,,,,,,20.0,20.1,0.0,30,forensic,15.5,高,低,15.5,低,風險不等於違法（Risk does not equal illegality）。本分數僅為稽查優先序參考，非違法或舞弊之認定。
N33,新北市淡海非營利幼兒園,非營利,113,淡水區,25.171675,121.438902,20204448.0,21060139.0,,-855691.0,1.0424,,0,,,,,0.0,,,100.0,-0.4235,困境,0.0,"{'tuition_income_ratio': 1.431, 'income_yoy_pct': 1.139}",,,0.0,,0.0,0,,,,,,20.0,20.1,0.0,30,forensic,15.5,高,低,15.5,低,風險不等於違法（Risk does not equal illegality）。本分數僅為稽查優先序參考，非違法或舞弊之認定。
N12,新北市昌福非營利幼兒園,非營利,110,鶯歌區,24.960882,121.356801,8997480.0,9366460.0,,-368980.0,1.041,,0,,,,,0.0,,,100.0,-0.4101,困境,0.0,"{'tuition_income_ratio': 1.431, 'income_yoy_pct': 1.139}",,,0.0,,0.0,0,,,,,,20.0,19.9,0.0,30,forensic,15.5,高,低,15.5,低,風險不等於違法（Risk does not equal illegality）。本分數僅為稽查優先序參考，非違法或舞弊之認定。
13602,新北市立三重幼兒園,公校,113,三重區,25.053687,121.484109,25687267.0,25156762.0,2795575.0,530505.0,0.9793,0.03047,246,50.0,30.987,0.00014,True,5.1,-0.0349,0.0207,100.0,0.3156,困境,17.5,"{'income_yoy_pct': -1.921, 'tuition_income_ratio': 0.988}",2.57,2334766.0,0.0,,0.0,0,,,優,,,20.0,31.1,0.0,0,forensic,15.4,低,低,15.4,低,風險不等於違法（Risk does not equal illegality）。本分數僅為稽查優先序參考，非違法或舞弊之認定。
N10,新北市大觀非營利幼兒園,非營利,110,板橋區,25.014641,121.454635,10686720.0,11102150.0,,-415430.0,1.0389,,0,,,,,0.0,,,100.0,-0.3887,困境,0.0,"{'tuition_income_ratio': 1.431, 'income_yoy_pct': 1.139}",,,0.0,,0.0,0,,,,,,20.0,19.7,0.0,30,forensic,15.4,高,低,15.4,低,風險不等於違法（Risk does not equal illegality）。本分數僅為稽查優先序參考，非違法或舞弊之認定。
N13,新北市三多非營利幼兒園,非營利,110,樹林區,24.986853,121.422176,8997480.0,9354389.0,,-356909.0,1.0397,,0,,,,,0.0,,,100.0,-0.3967,困境,0.0,"{'tuition_income_ratio': 1.431, 'income_yoy_pct': 1.139}",,,0.0,,0.0,0,,,,,,20.0,19.8,0.0,30,forensic,15.4,高,低,15.4,低,風險不等於違法（Risk does not equal illegality）。本分數僅為稽查優先序參考，非違法或舞弊之認定。
N14,新北市積穗非營利幼兒園,非營利,110,中和區,24.999339,121.504376,10697280.0,11094987.0,,-397707.0,1.0372,,0,,,,,0.0,,,100.0,-0.3718,困境,0.0,"{'tuition_income_ratio': 1.431, 'income_yoy_pct': 1.139}",,,0.0,,0.0,0,,,,,,20.0,19.5,0.0,30,forensic,15.3,高,低,15.3,低,風險不等於違法（Risk does not equal illegality）。本分數僅為稽查優先序參考，非違法或舞弊之認定。
N20,新北市柏翠非營利幼兒園,非營利,111,板橋區,25.006464,121.451721,15206664.0,15789220.0,,-582556.0,1.0383,,0,,,,,0.0,,,100.0,-0.3831,困境,0.0,"{'tuition_income_ratio': 1.431, 'income_yoy_pct': 1.139}",,,0.0,,0.0,0,,,,,,20.0,19.6,0.0,30,forensic,15.3,高,低,15.3,低,風險不等於違法（Risk does not equal illegality）。本分數僅為稽查優先序參考，非違法或舞弊之認定。
N24,新北市佳林非營利幼兒園,非營利,113,林口區,25.077993,121.384225,9602424.0,9947972.0,,-345548.0,1.036,,0,,,,,0.0,,,100.0,-0.3599,困境,0.0,"{'tuition_income_ratio': 1.431, 'income_yoy_pct': 1.139}",,,0.0,,0.0,0,,,,,,20.0,19.3,0.0,30,forensic,15.2,中,低,15.2,低,風險不等於違法（Risk does not equal illegality）。本分數僅為稽查優先序參考，非違法或舞弊之認定。
N17,新北市中正非營利幼兒園,非營利,110,土城區,24.970653,121.450259,6558480.0,6786074.0,,-227594.0,1.0347,,0,,,,,0.0,,,100.0,-0.347,困境,0.0,"{'tuition_income_ratio': 1.431, 'income_yoy_pct': 1.139}",,,0.0,,0.0,0,,,,,,20.0,19.2,0.0,30,forensic,15.2,中,低,15.2,低,風險不等於違法（Risk does not equal illegality）。本分數僅為稽查優先序參考，非違法或舞弊之認定。
N25,新北市碧城非營利幼兒園,非營利,113,三重區,25.059008,121.480405,11919936.0,12336924.0,,-416988.0,1.035,,0,,,,,0.0,,,100.0,-0.3498,困境,0.0,"{'tuition_income_ratio': 1.431, 'income_yoy_pct': 1.139}",,,0.0,,0.0,0,,,,,,20.0,19.2,0.0,30,forensic,15.2,中,低,15.2,低,風險不等於違法（Risk does not equal illegality）。本分數僅為稽查優先序參考，非違法或舞弊之認定。
N22,新北市文仁非營利幼兒園,非營利,111,林口區,25.070925,121.389923,10179000.0,10542986.0,,-363986.0,1.0358,,0,,,,,0.0,,,100.0,-0.3576,困境,0.0,"{'tuition_income_ratio': 1.431, 'income_yoy_pct': 1.139}",,,0.0,,0.0,0,,,,,,20.0,19.3,0.0,30,forensic,15.2,中,低,15.2,低,風險不等於違法（Risk does not equal illegality）。本分數僅為稽查優先序參考，非違法或舞弊之認定。
N19,新北市中園非營利幼兒園,非營利,111,三峽區,24.935056,121.363728,12852096.0,13316571.0,,-464475.0,1.0361,,0,,,,,0.0,,,100.0,-0.3614,困境,0.0,"{'tuition_income_ratio': 1.431, 'income_yoy_pct': 1.139}",,,0.0,,0.0,0,,,,,,20.0,19.3,0.0,30,forensic,15.2,中,低,15.2,低,風險不等於違法（Risk does not equal illegality）。本分數僅為稽查優先序參考，非違法或舞弊之認定。
N30,新北市文中非營利幼兒園,非營利,111,新店區,24.971879,121.549296,10454100.0,9892580.0,,-561520.0,0.9463,,0,,,,,0.0,,,100.0,0.1826,困境,0.0,"{'tuition_income_ratio': 1.431, 'income_yoy_pct': 1.139}",,,0.0,,0.0,0,,,,,,20.0,19.3,0.0,30,forensic,15.2,中,低,15.2,低,風險不等於違法（Risk does not equal illegality）。本分數僅為稽查優先序參考，非違法或舞弊之認定。
N26,新北市新店及人非營利幼兒園,非營利,113,新店區,24.968522,121.54547,12070656.0,12488768.0,,-418112.0,1.0346,,0,,,,,0.0,,,100.0,-0.3464,困境,0.0,"{'tuition_income_ratio': 1.431, 'income_yoy_pct': 1.139}",,,0.0,,0.0,0,,,,,,20.0,19.2,0.0,30,forensic,15.2,中,低,15.2,低,風險不等於違法（Risk does not equal illegality）。本分數僅為稽查優先序參考，非違法或舞弊之認定。
N27,新北市育平非營利幼兒園,非營利,113,永和區,24.999711,121.514203,11865600.0,12284400.0,,-418800.0,1.0353,,0,,,,,0.0,,,100.0,-0.353,困境,0.0,"{'tuition_income_ratio': 1.431, 'income_yoy_pct': 1.139}",,,0.0,,0.0,0,,,,,,20.0,19.2,0.0,30,forensic,15.2,中,低,15.2,低,風險不等於違法（Risk does not equal illegality）。本分數僅為稽查優先序參考，非違法或舞弊之認定。
N18,新北市福營非營利幼兒園,非營利,110,新莊區,25.03758,121.435664,9117360.0,9392663.0,,-275303.0,1.0302,,0,,,,,0.0,,,100.0,-0.302,困境,0.0,"{'tuition_income_ratio': 1.431, 'income_yoy_pct': 1.139}",,,0.0,,0.0,0,,,,,,20.0,18.6,0.0,30,forensic,14.9,中,低,14.9,低,風險不等於違法（Risk does not equal illegality）。本分數僅為稽查優先序參考，非違法或舞弊之認定。
N16,新北市中平非營利幼兒園,非營利,110,新莊區,25.028674,121.437402,11020320.0,11317880.0,,-297560.0,1.027,,0,,,,,0.0,,,100.0,-0.27,困境,0.0,"{'tuition_income_ratio': 1.431, 'income_yoy_pct': 1.139}",,,0.0,,0.0,0,,,,,,20.0,18.2,0.0,30,forensic,14.8,中,低,14.8,低,風險不等於違法（Risk does not equal illegality）。本分數僅為稽查優先序參考，非違法或舞弊之認定。
13608,新北市立鶯歌幼兒園,公校,114,鶯歌區,24.946736,121.358976,24452403.0,24754856.0,1808700.0,-302453.0,1.0124,0.01515,230,5.0,7.029,0.53348,False,8.8,0.0383,-0.0124,100.0,-0.0666,困境,47.0,"{'tuition_income_ratio': -3.3, 'income_yoy_pct': -2.031}",0.15,1163698.0,0.0,,0.0,0,,,優,,,20.0,29.4,0.0,0,forensic,14.8,低,低,14.8,低,風險不等於違法（Risk does not equal illegality）。本分數僅為稽查優先序參考，非違法或舞弊之認定。
13608,新北市立鶯歌幼兒園,公校,113,鶯歌區,24.946736,121.358976,25385461.0,24717830.0,2257100.0,667631.0,0.9737,0.02665,336,33.0,35.396,2e-05,True,3.1,-0.0248,0.0263,100.0,0.3323,困境,28.7,"{'tuition_income_ratio': -2.085, 'income_yoy_pct': -0.699}",-1.58,1466151.0,0.0,,0.0,0,,,優,,,20.0,29.4,0.0,0,forensic,14.8,低,低,14.8,低,風險不等於違法（Risk does not equal illegality）。本分數僅為稽查優先序參考，非違法或舞弊之認定。
N04,新北市海工非營利幼兒園,非營利,112,土城區,24.973256,121.436591,6409440.0,6569832.0,,-160392.0,1.025,,0,,,,,0.0,,,100.0,-0.2502,困境,0.0,"{'tuition_income_ratio': 1.431, 'income_yoy_pct': 1.139}",,,0.0,,0.0,0,,,,,,20.0,18.0,0.0,30,forensic,14.7,中,低,14.7,低,風險不等於違法（Risk does not equal illegality）。本分數僅為稽查優先序參考，非違法或舞弊之認定。
N03,新北市龍埔成長非營利幼兒園,非營利,112,三峽區,24.937147,121.36917,10429560.0,10698903.0,,-269343.0,1.0258,,0,,,,,0.0,,,100.0,-0.2582,困境,0.0,"{'tuition_income_ratio': 1.431, 'income_yoy_pct': 1.139}",,,0.0,,0.0,0,,,,,,20.0,18.1,0.0,30,forensic,14.7,中,低,14.7,低,風險不等於違法（Risk does not equal illegality）。本分數僅為稽查優先序參考，非違法或舞弊之認定。
N20,新北市柏翠非營利幼兒園,非營利,110,板橋區,25.006464,121.451721,15206664.0,15508352.0,,-301688.0,1.0198,,0,,,,,0.0,,,100.0,-0.1984,困境,0.0,"{'tuition_income_ratio': 1.431, 'income_yoy_pct': 1.139}",,,0.0,,0.0,0,,,,,,20.0,17.4,0.0,30,forensic,14.5,中,低,14.5,低,風險不等於違法（Risk does not equal illegality）。本分數僅為稽查優先序參考，非違法或舞弊之認定。
N15,新北市新月非營利幼兒園,非營利,113,板橋區,25.004698,121.464003,23221440.0,23667698.0,,-446258.0,1.0192,,0,,,,,0.0,,,100.0,-0.1922,困境,0.0,"{'tuition_income_ratio': 1.431, 'income_yoy_pct': 1.139}",,,0.0,,0.0,0,,,,,,20.0,17.3,0.0,30,forensic,14.4,中,低,14.4,低,風險不等於違法（Risk does not equal illegality）。本分數僅為稽查優先序參考，非違法或舞弊之認定。
N27,新北市育平非營利幼兒園,非營利,112,永和區,24.999711,121.514203,11710032.0,11911928.0,,-201896.0,1.0172,,0,,,,,0.0,,,100.0,-0.1724,困境,0.0,"{'tuition_income_ratio': 1.431, 'income_yoy_pct': 1.139}",,,0.0,,0.0,0,,,,,,20.0,17.1,0.0,30,forensic,14.3,中,低,14.3,低,風險不等於違法（Risk does not equal illegality）。本分數僅為稽查優先序參考，非違法或舞弊之認定。
N26,新北市新店及人非營利幼兒園,非營利,112,新店區,24.968522,121.54547,12081600.0,12285371.0,,-203771.0,1.0169,,0,,,,,0.0,,,100.0,-0.1687,困境,0.0,"{'tuition_income_ratio': 1.431, 'income_yoy_pct': 1.139}",,,0.0,,0.0,0,,,,,,20.0,17.0,0.0,30,forensic,14.3,中,低,14.3,低,風險不等於違法（Risk does not equal illegality）。本分數僅為稽查優先序參考，非違法或舞弊之認定。
N21,新北市文創非營利幼兒園,非營利,113,林口區,25.071166,121.39212,11915640.0,11620898.0,,-294742.0,0.9753,,0,,,,,0.0,,,100.0,0.0841,困境,0.0,"{'tuition_income_ratio': 1.431, 'income_yoy_pct': 1.139}",,,0.0,,0.0,0,,,,,,20.0,17.0,0.0,30,forensic,14.3,中,低,14.3,低,風險不等於違法（Risk does not equal illegality）。本分數僅為稽查優先序參考，非違法或舞弊之認定。
N24,新北市佳林非營利幼兒園,非營利,112,林口區,25.077993,121.384225,9612000.0,9778948.0,,-166948.0,1.0174,,0,,,,,0.0,,,100.0,-0.1737,困境,0.0,"{'tuition_income_ratio': 1.431, 'income_yoy_pct': 1.139}",,,0.0,,0.0,0,,,,,,20.0,17.1,0.0,30,forensic,14.3,中,低,14.3,低,風險不等於違法（Risk does not equal illegality）。本分數僅為稽查優先序參考，非違法或舞弊之認定。
N02,新北市山北非營利幼兒園,非營利,112,中和區,24.994038,121.504834,13146840.0,12817388.0,,-329452.0,0.9749,,0,,,,,0.0,,,100.0,0.0852,困境,0.0,"{'tuition_income_ratio': 1.431, 'income_yoy_pct': 1.139}",,,0.0,,0.0,0,,,,,,20.0,17.0,0.0,30,forensic,14.3,中,低,14.3,低,風險不等於違法（Risk does not equal illegality）。本分數僅為稽查優先序參考，非違法或舞弊之認定。
N25,新北市碧城非營利幼兒園,非營利,112,三重區,25.059008,121.480405,11766240.0,11968726.0,,-202486.0,1.0172,,0,,,,,0.0,,,100.0,-0.1721,困境,0.0,"{'tuition_income_ratio': 1.431, 'income_yoy_pct': 1.139}",,,0.0,,0.0,0,,,,,,20.0,17.1,0.0,30,forensic,14.3,中,低,14.3,低,風險不等於違法（Risk does not equal illegality）。本分數僅為稽查優先序參考，非違法或舞弊之認定。
N31,新北市翠中非營利幼兒園,非營利,112,板橋區,25.008182,121.462803,10437120.0,8234341.0,,-463259.0,0.7889,,0,,,,,0.0,,,88.8,1.2676,灰色地帶,0.0,"{'tuition_income_ratio': 1.431, 'income_yoy_pct': 1.139}",,,0.0,,0.0,0,,,,,,20.0,16.9,0.0,30,forensic,14.3,中,低,14.3,低,風險不等於違法（Risk does not equal illegality）。本分數僅為稽查優先序參考，非違法或舞弊之認定。
N22,新北市文仁非營利幼兒園,非營利,110,林口區,25.070925,121.389923,10179000.0,10327544.0,,-148544.0,1.0146,,0,,,,,0.0,,,100.0,-0.1459,困境,0.0,"{'tuition_income_ratio': 1.431, 'income_yoy_pct': 1.139}",,,0.0,,0.0,0,,,,,,20.0,16.8,0.0,30,forensic,14.2,中,低,14.2,低,風險不等於違法（Risk does not equal illegality）。本分數僅為稽查優先序參考，非違法或舞弊之認定。
N19,新北市中園非營利幼兒園,非營利,110,三峽區,24.935056,121.363728,12852096.0,13031822.0,,-179726.0,1.014,,0,,,,,0.0,,,100.0,-0.1398,困境,0.0,"{'tuition_income_ratio': 1.431, 'income_yoy_pct': 1.139}",,,0.0,,0.0,0,,,,,,20.0,16.7,0.0,30,forensic,14.2,中,低,14.2,低,風險不等於違法（Risk does not equal illegality）。本分數僅為稽查優先序參考，非違法或舞弊之認定。
N23,新北市菁湖非營利幼兒園,非營利,111,林口區,25.081489,121.391616,10635192.0,10777423.0,,-142231.0,1.0134,,0,,,,,0.0,,,100.0,-0.1337,困境,0.0,"{'tuition_income_ratio': 1.431, 'income_yoy_pct': 1.139}",,,0.0,,0.0,0,,,,,,20.0,16.6,0.0,30,forensic,14.1,中,低,14.1,低,風險不等於違法（Risk does not equal illegality）。本分數僅為稽查優先序參考，非違法或舞弊之認定。
N21,新北市文創非營利幼兒園,非營利,110,林口區,25.071166,121.39212,10231920.0,10368537.0,,-136617.0,1.0134,,0,,,,,0.0,,,100.0,-0.1335,困境,0.0,"{'tuition_income_ratio': 1.431, 'income_yoy_pct': 1.139}",,,0.0,,0.0,0,,,,,,20.0,16.6,0.0,30,forensic,14.1,中,低,14.1,低,風險不等於違法（Risk does not equal illegality）。本分數僅為稽查優先序參考，非違法或舞弊之認定。
13604,新北市立永和幼兒園,公校,112,永和區,25.012791,121.511317,60760685.0,59794372.0,8897217.0,966313.0,0.9841,0.0168,244,7.0,12.183,0.14324,False,4.2,-0.0473,0.0159,100.0,0.3042,困境,47.2,"{'tuition_income_ratio': -4.861, 'income_yoy_pct': -0.499}",0.44,7351262.0,0.0,,0.0,0,,,優,,,20.0,27.7,0.0,0,forensic,14.1,低,低,14.1,低,風險不等於違法（Risk does not equal illegality）。本分數僅為稽查優先序參考，非違法或舞弊之認定。
13601,新北市立板橋幼兒園,公校,114,板橋區,25.008934,121.456499,35307451.0,35358061.0,3863100.0,-50610.0,1.0014,0.02408,273,22.0,21.405,0.00615,True,9.8,0.0454,-0.0014,100.0,0.1287,困境,17.8,"{'income_yoy_pct': -1.505, 'tuition_income_ratio': 0.517}",10.19,4207313.0,0.0,,0.0,0,,,優,,,20.0,27.2,0.0,0,forensic,13.9,低,低,13.9,低,風險不等於違法（Risk does not equal illegality）。本分數僅為稽查優先序參考，非違法或舞弊之認定。
N02,新北市山北非營利幼兒園,非營利,110,中和區,24.994038,121.504834,10232832.0,10321627.0,,-88795.0,1.0087,,0,,,,,0.0,,,100.0,-0.0868,困境,0.0,"{'tuition_income_ratio': 1.431, 'income_yoy_pct': 1.139}",,,0.0,,0.0,0,,,,,,20.0,16.0,0.0,30,forensic,13.9,中,低,13.9,低,風險不等於違法（Risk does not equal illegality）。本分數僅為稽查優先序參考，非違法或舞弊之認定。
N03,新北市龍埔成長非營利幼兒園,非營利,111,三峽區,24.937147,121.36917,10429560.0,10523012.0,,-93452.0,1.009,,0,,,,,0.0,,,100.0,-0.0896,困境,0.0,"{'tuition_income_ratio': 1.431, 'income_yoy_pct': 1.139}",,,0.0,,0.0,0,,,,,,20.0,16.1,0.0,30,forensic,13.9,中,低,13.9,低,風險不等於違法（Risk does not equal illegality）。本分數僅為稽查優先序參考，非違法或舞弊之認定。
N32,新北市板橋員工子女非營利幼兒園,非營利,113,板橋區,25.008539,121.452393,20855328.0,20985667.0,,-130339.0,1.0062,,0,,,,,0.0,,,100.0,-0.0625,困境,0.0,"{'tuition_income_ratio': 1.431, 'income_yoy_pct': 1.139}",,,0.0,,0.0,0,,,,,,20.0,15.7,0.0,30,forensic,13.8,中,低,13.8,低,風險不等於違法（Risk does not equal illegality）。本分數僅為稽查優先序參考，非違法或舞弊之認定。
N01,新北市安溪非營利幼兒園,非營利,110,三峽區,24.940259,121.369761,10067760.0,10132904.0,,-65144.0,1.0065,,0,,,,,0.0,,,100.0,-0.0647,困境,0.0,"{'tuition_income_ratio': 1.431, 'income_yoy_pct': 1.139}",,,0.0,,0.0,0,,,,,,20.0,15.8,0.0,30,forensic,13.8,中,低,13.8,低,風險不等於違法（Risk does not equal illegality）。本分數僅為稽查優先序參考，非違法或舞弊之認定。
N03,新北市龍埔成長非營利幼兒園,非營利,113,三峽區,24.937147,121.36917,11732256.0,11803649.0,,-71393.0,1.0061,,0,,,,,0.0,,,100.0,-0.0609,困境,0.0,"{'tuition_income_ratio': 1.431, 'income_yoy_pct': 1.139}",,,0.0,,0.0,0,,,,,,20.0,15.7,0.0,30,forensic,13.8,中,低,13.8,低,風險不等於違法（Risk does not equal illegality）。本分數僅為稽查優先序參考，非違法或舞弊之認定。
13607,新北市立樹林幼兒園,公校,112,樹林區,24.995302,121.419961,24738982.0,24837393.0,2657800.0,-98411.0,1.004,0.02568,243,28.0,20.151,0.00978,True,6.7,0.0409,-0.004,100.0,0.2361,困境,15.7,"{'income_yoy_pct': -1.191, 'tuition_income_ratio': 0.578}",4.5,5686940.0,0.0,,0.0,0,,,優,,,20.0,27.0,0.0,0,forensic,13.8,低,低,13.8,低,風險不等於違法（Risk does not equal illegality）。本分數僅為稽查優先序參考，非違法或舞弊之認定。
N12,新北市昌福非營利幼兒園,非營利,112,鶯歌區,24.960882,121.356801,11293560.0,11205820.0,,-87740.0,0.9922,,0,,,,,0.0,,,100.0,0.0264,困境,0.0,"{'tuition_income_ratio': 1.431, 'income_yoy_pct': 1.139}",,,0.0,,0.0,0,,,,,,20.0,15.6,0.0,30,forensic,13.7,中,低,13.7,低,風險不等於違法（Risk does not equal illegality）。本分數僅為稽查優先序參考，非違法或舞弊之認定。
N11,新北市新林非營利幼兒園,非營利,112,林口區,25.082672,121.39295,15593760.0,15470339.0,,-123421.0,0.9921,,0,,,,,0.0,,,100.0,0.0269,困境,0.0,"{'tuition_income_ratio': 1.431, 'income_yoy_pct': 1.139}",,,0.0,,0.0,0,,,,,,20.0,15.6,0.0,30,forensic,13.7,中,低,13.7,低,風險不等於違法（Risk does not equal illegality）。本分數僅為稽查優先序參考，非違法或舞弊之認定。
N18,新北市福營非營利幼兒園,非營利,112,新莊區,25.03758,121.435664,13145760.0,12835274.0,,-84647.0,0.9764,,0,,,,,0.0,,,100.0,0.137,困境,0.0,"{'tuition_income_ratio': 1.431, 'income_yoy_pct': 1.139}",,,0.0,,0.0,0,,,,,,20.0,15.5,0.0,30,forensic,13.7,中,低,13.7,低,風險不等於違法（Risk does not equal illegality）。本分數僅為稽查優先序參考，非違法或舞弊之認定。
N17,新北市中正非營利幼兒園,非營利,112,土城區,24.970653,121.450259,16618656.0,16487566.0,,-131090.0,0.9921,,0,,,,,0.0,,,100.0,0.0268,困境,0.0,"{'tuition_income_ratio': 1.431, 'income_yoy_pct': 1.139}",,,0.0,,0.0,0,,,,,,20.0,15.6,0.0,30,forensic,13.7,中,低,13.7,低,風險不等於違法（Risk does not equal illegality）。本分數僅為稽查優先序參考，非違法或舞弊之認定。
N10,新北市大觀非營利幼兒園,非營利,113,板橋區,25.014641,121.454635,13305600.0,13213905.0,,-91695.0,0.9931,,0,,,,,0.0,,,100.0,0.0234,困境,0.0,"{'tuition_income_ratio': 1.431, 'income_yoy_pct': 1.139}",,,0.0,,0.0,0,,,,,,20.0,15.6,0.0,30,forensic,13.7,中,低,13.7,低,風險不等於違法（Risk does not equal illegality）。本分數僅為稽查優先序參考，非違法或舞弊之認定。
N14,新北市積穗非營利幼兒園,非營利,112,中和區,24.999339,121.504376,13128312.0,13027495.0,,-100817.0,0.9923,,0,,,,,0.0,,,100.0,0.0261,困境,0.0,"{'tuition_income_ratio': 1.431, 'income_yoy_pct': 1.139}",,,0.0,,0.0,0,,,,,,20.0,15.6,0.0,30,forensic,13.7,中,低,13.7,低,風險不等於違法（Risk does not equal illegality）。本分數僅為稽查優先序參考，非違法或舞弊之認定。
N09,新北市安興非營利幼兒園,非營利,112,新店區,24.973477,121.544046,7186320.0,7218663.0,,-32343.0,1.0045,,0,,,,,0.0,,,100.0,-0.045,困境,0.0,"{'tuition_income_ratio': 1.431, 'income_yoy_pct': 1.139}",,,0.0,,0.0,0,,,,,,20.0,15.5,0.0,30,forensic,13.7,中,低,13.7,低,風險不等於違法（Risk does not equal illegality）。本分數僅為稽查優先序參考，非違法或舞弊之認定。
N16,新北市中平非營利幼兒園,非營利,113,新莊區,25.028674,121.437402,13229280.0,13144726.0,,-84554.0,0.9936,,0,,,,,0.0,,,100.0,0.0217,困境,0.0,"{'tuition_income_ratio': 1.431, 'income_yoy_pct': 1.139}",,,0.0,,0.0,0,,,,,,20.0,15.5,0.0,30,forensic,13.7,中,低,13.7,低,風險不等於違法（Risk does not equal illegality）。本分數僅為稽查優先序參考，非違法或舞弊之認定。
N14,新北市積穗非營利幼兒園,非營利,113,中和區,24.999339,121.504376,13128312.0,13027495.0,,-100817.0,0.9923,,0,,,,,0.0,,,100.0,0.0261,困境,0.0,"{'tuition_income_ratio': 1.431, 'income_yoy_pct': 1.139}",,,0.0,,0.0,0,,,,,,20.0,15.6,0.0,30,forensic,13.7,中,低,13.7,低,風險不等於違法（Risk does not equal illegality）。本分數僅為稽查優先序參考，非違法或舞弊之認定。
N16,新北市中平非營利幼兒園,非營利,112,新莊區,25.028674,121.437402,13229280.0,13144726.0,,-84554.0,0.9936,,0,,,,,0.0,,,100.0,0.0217,困境,0.0,"{'tuition_income_ratio': 1.431, 'income_yoy_pct': 1.139}",,,0.0,,0.0,0,,,,,,20.0,15.5,0.0,30,forensic,13.7,中,低,13.7,低,風險不等於違法（Risk does not equal illegality）。本分數僅為稽查優先序參考，非違法或舞弊之認定。
N28,新北市新樂非營利幼兒園,非營利,112,新莊區,25.030586,121.438771,23252160.0,22845578.0,,406582.0,0.9825,,0,,,,,0.0,,,100.0,0.1749,困境,0.0,"{'tuition_income_ratio': 1.431, 'income_yoy_pct': 1.139}",,,0.0,,0.0,0,,,,,,20.0,15.0,0.0,30,forensic,13.5,低,低,13.5,低,風險不等於違法（Risk does not equal illegality）。本分數僅為稽查優先序參考，非違法或舞弊之認定。
N03,新北市龍埔成長非營利幼兒園,非營利,110,三峽區,24.937147,121.36917,10429560.0,10349201.0,,80359.0,0.9923,,0,,,,,0.0,,,100.0,0.077,困境,0.0,"{'tuition_income_ratio': 1.431, 'income_yoy_pct': 1.139}",,,0.0,,0.0,0,,,,,,20.0,15.0,0.0,30,forensic,13.5,低,低,13.5,低,風險不等於違法（Risk does not equal illegality）。本分數僅為稽查優先序參考，非違法或舞弊之認定。
N13,新北市三多非營利幼兒園,非營利,111,樹林區,24.986853,121.422176,11597040.0,11298884.0,,298156.0,0.9743,,0,,,,,0.0,,,100.0,0.2571,困境,0.0,"{'tuition_income_ratio': 1.431, 'income_yoy_pct': 1.139}",,,0.0,,0.0,0,,,,,,20.0,15.0,0.0,30,forensic,13.5,低,低,13.5,低,風險不等於違法（Risk does not equal illegality）。本分數僅為稽查優先序參考，非違法或舞弊之認定。
N13,新北市三多非營利幼兒園,非營利,113,樹林區,24.986853,121.422176,12360096.0,11803182.0,,556914.0,0.9549,,0,,,,,0.0,,,100.0,0.4506,困境,0.0,"{'tuition_income_ratio': 1.431, 'income_yoy_pct': 1.139}",,,0.0,,0.0,0,,,,,,20.0,15.0,0.0,30,forensic,13.5,低,低,13.5,低,風險不等於違法（Risk does not equal illegality）。本分數僅為稽查優先序參考，非違法或舞弊之認定。
N10,新北市大觀非營利幼兒園,非營利,111,板橋區,25.014641,121.454635,12956592.0,12630048.0,,326544.0,0.9748,,0,,,,,0.0,,,100.0,0.252,困境,0.0,"{'tuition_income_ratio': 1.431, 'income_yoy_pct': 1.139}",,,0.0,,0.0,0,,,,,,20.0,15.0,0.0,30,forensic,13.5,低,低,13.5,低,風險不等於違法（Risk does not equal illegality）。本分數僅為稽查優先序參考，非違法或舞弊之認定。
N10,新北市大觀非營利幼兒園,非營利,112,板橋區,25.014641,121.454635,12956592.0,12855890.0,,100702.0,0.9922,,0,,,,,0.0,,,100.0,0.0777,困境,0.0,"{'tuition_income_ratio': 1.431, 'income_yoy_pct': 1.139}",,,0.0,,0.0,0,,,,,,20.0,15.0,0.0,30,forensic,13.5,低,低,13.5,低,風險不等於違法（Risk does not equal illegality）。本分數僅為稽查優先序參考，非違法或舞弊之認定。
N12,新北市昌福非營利幼兒園,非營利,111,鶯歌區,24.960882,121.356801,11293560.0,11008953.0,,284607.0,0.9748,,0,,,,,0.0,,,100.0,0.252,困境,0.0,"{'tuition_income_ratio': 1.431, 'income_yoy_pct': 1.139}",,,0.0,,0.0,0,,,,,,20.0,15.0,0.0,30,forensic,13.5,低,低,13.5,低,風險不等於違法（Risk does not equal illegality）。本分數僅為稽查優先序參考，非違法或舞弊之認定。
N11,新北市新林非營利幼兒園,非營利,113,林口區,25.082672,121.39295,16550400.0,15910800.0,,639600.0,0.9614,,0,,,,,0.0,,,100.0,0.3865,困境,0.0,"{'tuition_income_ratio': 1.431, 'income_yoy_pct': 1.139}",,,0.0,,0.0,0,,,,,,20.0,15.0,0.0,30,forensic,13.5,低,低,13.5,低,風險不等於違法（Risk does not equal illegality）。本分數僅為稽查優先序參考，非違法或舞弊之認定。
N07,新北市北大非營利幼兒園,非營利,112,三峽區,24.929746,121.376919,21289632.0,21275075.0,,-14557.0,0.9993,,0,,,,,0.0,,,100.0,0.0023,困境,0.0,"{'tuition_income_ratio': 1.431, 'income_yoy_pct': 1.139}",,,0.0,,0.0,0,,,,,,20.0,15.1,0.0,30,forensic,13.5,低,低,13.5,低,風險不等於違法（Risk does not equal illegality）。本分數僅為稽查優先序參考，非違法或舞弊之認定。
N08,新北市鷺江非營利幼兒園,非營利,110,蘆洲區,25.089403,121.480409,11740008.0,11427853.0,,312155.0,0.9734,,0,,,,,0.0,,,100.0,0.2659,困境,0.0,"{'tuition_income_ratio': 1.431, 'income_yoy_pct': 1.139}",,,0.0,,0.0,0,,,,,,20.0,15.0,0.0,30,forensic,13.5,低,低,13.5,低,風險不等於違法（Risk does not equal illegality）。本分數僅為稽查優先序參考，非違法或舞弊之認定。
N05,新北市漢翔非營利幼兒園,非營利,110,三峽區,24.931172,121.362086,9343440.0,9263359.0,,80081.0,0.9914,,0,,,,,0.0,,,100.0,0.0857,困境,0.0,"{'tuition_income_ratio': 1.431, 'income_yoy_pct': 1.139}",,,0.0,,0.0,0,,,,,,20.0,15.0,0.0,30,forensic,13.5,低,低,13.5,低,風險不等於違法（Risk does not equal illegality）。本分數僅為稽查優先序參考，非違法或舞弊之認定。
N05,新北市漢翔非營利幼兒園,非營利,113,三峽區,24.931172,121.362086,12033792.0,11221533.0,,812259.0,0.9325,,0,,,,,0.0,,,100.0,0.675,困境,0.0,"{'tuition_income_ratio': 1.431, 'income_yoy_pct': 1.139}",,,0.0,,0.0,0,,,,,,20.0,15.0,0.0,30,forensic,13.5,低,低,13.5,低,風險不等於違法（Risk does not equal illegality）。本分數僅為稽查優先序參考，非違法或舞弊之認定。
N09,新北市安興非營利幼兒園,非營利,110,新店區,24.973477,121.544046,7186320.0,6719076.0,,137371.0,0.935,,0,,,,,0.0,,,100.0,0.4987,困境,0.0,"{'tuition_income_ratio': 1.431, 'income_yoy_pct': 1.139}",,,0.0,,0.0,0,,,,,,20.0,15.0,0.0,30,forensic,13.5,低,低,13.5,低,風險不等於違法（Risk does not equal illegality）。本分數僅為稽查優先序參考，非違法或舞弊之認定。
N01,新北市安溪非營利幼兒園,非營利,112,三峽區,24.940259,121.369761,17816544.0,17386424.0,,430120.0,0.9759,,0,,,,,0.0,,,100.0,0.2414,困境,0.0,"{'tuition_income_ratio': 1.431, 'income_yoy_pct': 1.139}",,,0.0,,0.0,0,,,,,,20.0,15.0,0.0,30,forensic,13.5,低,低,13.5,低,風險不等於違法（Risk does not equal illegality）。本分數僅為稽查優先序參考，非違法或舞弊之認定。
N11,新北市新林非營利幼兒園,非營利,111,林口區,25.082672,121.39295,15593760.0,15195970.0,,397790.0,0.9745,,0,,,,,0.0,,,100.0,0.2551,困境,0.0,"{'tuition_income_ratio': 1.431, 'income_yoy_pct': 1.139}",,,0.0,,0.0,0,,,,,,20.0,15.0,0.0,30,forensic,13.5,低,低,13.5,低,風險不等於違法（Risk does not equal illegality）。本分數僅為稽查優先序參考，非違法或舞弊之認定。
N09,新北市安興非營利幼兒園,非營利,111,新店區,24.973477,121.544046,7186320.0,7171445.0,,14875.0,0.9979,,0,,,,,0.0,,,100.0,0.0207,困境,0.0,"{'tuition_income_ratio': 1.431, 'income_yoy_pct': 1.139}",,,0.0,,0.0,0,,,,,,20.0,15.0,0.0,30,forensic,13.5,低,低,13.5,低,風險不等於違法（Risk does not equal illegality）。本分數僅為稽查優先序參考，非違法或舞弊之認定。
N32,新北市板橋員工子女非營利幼兒園,非營利,112,板橋區,25.008539,121.452393,19814424.0,19630307.0,,184117.0,0.9907,,0,,,,,0.0,,,100.0,0.0929,困境,0.0,"{'tuition_income_ratio': 1.431, 'income_yoy_pct': 1.139}",,,0.0,,0.0,0,,,,,,20.0,15.0,0.0,30,forensic,13.5,低,低,13.5,低,風險不等於違法（Risk does not equal illegality）。本分數僅為稽查優先序參考，非違法或舞弊之認定。
N28,新北市新樂非營利幼兒園,非營利,111,新莊區,25.030586,121.438771,23252160.0,22845578.0,,406582.0,0.9825,,0,,,,,0.0,,,100.0,0.1749,困境,0.0,"{'tuition_income_ratio': 1.431, 'income_yoy_pct': 1.139}",,,0.0,,0.0,0,,,,,,20.0,15.0,0.0,30,forensic,13.5,低,低,13.5,低,風險不等於違法（Risk does not equal illegality）。本分數僅為稽查優先序參考，非違法或舞弊之認定。
N22,新北市文仁非營利幼兒園,非營利,112,林口區,25.070925,121.389923,11877840.0,11589030.0,,288810.0,0.9757,,0,,,,,0.0,,,100.0,0.2432,困境,0.0,"{'tuition_income_ratio': 1.431, 'income_yoy_pct': 1.139}",,,0.0,,0.0,0,,,,,,20.0,15.0,0.0,30,forensic,13.5,低,低,13.5,低,風險不等於違法（Risk does not equal illegality）。本分數僅為稽查優先序參考，非違法或舞弊之認定。
N20,新北市柏翠非營利幼兒園,非營利,113,板橋區,25.006464,121.451721,21153600.0,19609580.0,,1544020.0,0.927,,0,,,,,0.0,,,100.0,0.7299,困境,0.0,"{'tuition_income_ratio': 1.431, 'income_yoy_pct': 1.139}",,,0.0,,0.0,0,,,,,,20.0,15.0,0.0,30,forensic,13.5,低,低,13.5,低,風險不等於違法（Risk does not equal illegality）。本分數僅為稽查優先序參考，非違法或舞弊之認定。
N24,新北市佳林非營利幼兒園,非營利,110,林口區,25.077993,121.384225,9612000.0,9091606.0,,520394.0,0.9459,,0,,,,,0.0,,,100.0,0.5414,困境,0.0,"{'tuition_income_ratio': 1.431, 'income_yoy_pct': 1.139}",,,0.0,,0.0,0,,,,,,20.0,15.0,0.0,30,forensic,13.5,低,低,13.5,低,風險不等於違法（Risk does not equal illegality）。本分數僅為稽查優先序參考，非違法或舞弊之認定。
N22,新北市文仁非營利幼兒園,非營利,113,林口區,25.070925,121.389923,12906432.0,11656150.0,,1250282.0,0.9031,,0,,,,,0.0,,,100.0,0.9687,困境,0.0,"{'tuition_income_ratio': 1.431, 'income_yoy_pct': 1.139}",,,0.0,,0.0,0,,,,,,20.0,15.0,0.0,30,forensic,13.5,低,低,13.5,低,風險不等於違法（Risk does not equal illegality）。本分數僅為稽查優先序參考，非違法或舞弊之認定。
N18,新北市福營非營利幼兒園,非營利,111,新莊區,25.03758,121.435664,13145760.0,12835274.0,,310486.0,0.9764,,0,,,,,0.0,,,100.0,0.2362,困境,0.0,"{'tuition_income_ratio': 1.431, 'income_yoy_pct': 1.139}",,,0.0,,0.0,0,,,,,,20.0,15.0,0.0,30,forensic,13.5,低,低,13.5,低,風險不等於違法（Risk does not equal illegality）。本分數僅為稽查優先序參考，非違法或舞弊之認定。
N18,新北市福營非營利幼兒園,非營利,113,新莊區,25.03758,121.435664,13974912.0,13414814.0,,560098.0,0.9599,,0,,,,,0.0,,,100.0,0.4008,困境,0.0,"{'tuition_income_ratio': 1.431, 'income_yoy_pct': 1.139}",,,0.0,,0.0,0,,,,,,20.0,15.0,0.0,30,forensic,13.5,低,低,13.5,低,風險不等於違法（Risk does not equal illegality）。本分數僅為稽查優先序參考，非違法或舞弊之認定。
N17,新北市中正非營利幼兒園,非營利,113,土城區,24.970653,121.450259,17076960.0,16692824.0,,384136.0,0.9775,,0,,,,,0.0,,,100.0,0.2249,困境,0.0,"{'tuition_income_ratio': 1.431, 'income_yoy_pct': 1.139}",,,0.0,,0.0,0,,,,,,20.0,15.0,0.0,30,forensic,13.5,低,低,13.5,低,風險不等於違法（Risk does not equal illegality）。本分數僅為稽查優先序參考，非違法或舞弊之認定。
N17,新北市中正非營利幼兒園,非營利,111,土城區,24.970653,121.450259,16617888.0,16191825.0,,426063.0,0.9744,,0,,,,,0.0,,,100.0,0.2564,困境,0.0,"{'tuition_income_ratio': 1.431, 'income_yoy_pct': 1.139}",,,0.0,,0.0,0,,,,,,20.0,15.0,0.0,30,forensic,13.5,低,低,13.5,低,風險不等於違法（Risk does not equal illegality）。本分數僅為稽查優先序參考，非違法或舞弊之認定。
N16,新北市中平非營利幼兒園,非營利,111,新莊區,25.028674,121.437402,13229280.0,12919044.0,,310236.0,0.9765,,0,,,,,0.0,,,100.0,0.2345,困境,0.0,"{'tuition_income_ratio': 1.431, 'income_yoy_pct': 1.139}",,,0.0,,0.0,0,,,,,,20.0,15.0,0.0,30,forensic,13.5,低,低,13.5,低,風險不等於違法（Risk does not equal illegality）。本分數僅為稽查優先序參考，非違法或舞弊之認定。
N15,新北市新月非營利幼兒園,非營利,111,板橋區,25.004698,121.464003,21852354.0,21283549.0,,568805.0,0.974,,0,,,,,0.0,,,100.0,0.2603,困境,0.0,"{'tuition_income_ratio': 1.431, 'income_yoy_pct': 1.139}",,,0.0,,0.0,0,,,,,,20.0,15.0,0.0,30,forensic,13.5,低,低,13.5,低,風險不等於違法（Risk does not equal illegality）。本分數僅為稽查優先序參考，非違法或舞弊之認定。
N20,新北市柏翠非營利幼兒園,非營利,112,板橋區,25.006464,121.451721,19621200.0,19478235.0,,142965.0,0.9927,,0,,,,,0.0,,,100.0,0.0729,困境,0.0,"{'tuition_income_ratio': 1.431, 'income_yoy_pct': 1.139}",,,0.0,,0.0,0,,,,,,20.0,15.0,0.0,30,forensic,13.5,低,低,13.5,低,風險不等於違法（Risk does not equal illegality）。本分數僅為稽查優先序參考，非違法或舞弊之認定。
N19,新北市中園非營利幼兒園,非營利,112,三峽區,24.935056,121.363728,17328576.0,16898977.0,,429599.0,0.9752,,0,,,,,0.0,,,100.0,0.2479,困境,0.0,"{'tuition_income_ratio': 1.431, 'income_yoy_pct': 1.139}",,,0.0,,0.0,0,,,,,,20.0,15.0,0.0,30,forensic,13.5,低,低,13.5,低,風險不等於違法（Risk does not equal illegality）。本分數僅為稽查優先序參考，非違法或舞弊之認定。
N26,新北市新店及人非營利幼兒園,非營利,111,新店區,24.968522,121.54547,12081600.0,12093041.0,,-11441.0,1.0009,,0,,,,,0.0,,,100.0,-0.0095,困境,0.0,"{'tuition_income_ratio': 1.431, 'income_yoy_pct': 1.139}",,,0.0,,0.0,0,,,,,,20.0,15.1,0.0,30,forensic,13.5,低,低,13.5,低,風險不等於違法（Risk does not equal illegality）。本分數僅為稽查優先序參考，非違法或舞弊之認定。
N26,新北市新店及人非營利幼兒園,非營利,110,新店區,24.968522,121.54547,12081600.0,11447818.0,,633782.0,0.9475,,0,,,,,0.0,,,100.0,0.5246,困境,0.0,"{'tuition_income_ratio': 1.431, 'income_yoy_pct': 1.139}",,,0.0,,0.0,0,,,,,,20.0,15.0,0.0,30,forensic,13.5,低,低,13.5,低,風險不等於違法（Risk does not equal illegality）。本分數僅為稽查優先序參考，非違法或舞弊之認定。
N37,新北市清水高中非營利幼兒園,非營利,113,,,,8932320.0,8447916.0,,484404.0,0.9458,,0,,,,,0.0,,,100.0,0.5423,困境,0.0,"{'tuition_income_ratio': 1.431, 'income_yoy_pct': 1.139}",,,0.0,,0.0,0,,,,,,20.0,15.0,0.0,30,forensic,13.5,低,低,13.5,低,風險不等於違法（Risk does not equal illegality）。本分數僅為稽查優先序參考，非違法或舞弊之認定。
N32,新北市板橋員工子女非營利幼兒園,非營利,111,板橋區,25.008539,121.452393,19814424.0,19357972.0,,456452.0,0.977,,0,,,,,0.0,,,100.0,0.2304,困境,0.0,"{'tuition_income_ratio': 1.431, 'income_yoy_pct': 1.139}",,,0.0,,0.0,0,,,,,,20.0,15.0,0.0,30,forensic,13.5,低,低,13.5,低,風險不等於違法（Risk does not equal illegality）。本分數僅為稽查優先序參考，非違法或舞弊之認定。
N27,新北市育平非營利幼兒園,非營利,110,永和區,24.999711,121.514203,11710032.0,11080404.0,,629628.0,0.9462,,0,,,,,0.0,,,100.0,0.5377,困境,0.0,"{'tuition_income_ratio': 1.431, 'income_yoy_pct': 1.139}",,,0.0,,0.0,0,,,,,,20.0,15.0,0.0,30,forensic,13.5,低,低,13.5,低,風險不等於違法（Risk does not equal illegality）。本分數僅為稽查優先序參考，非違法或舞弊之認定。
N27,新北市育平非營利幼兒園,非營利,111,永和區,24.999711,121.514203,11710032.0,11719451.0,,-9419.0,1.0008,,0,,,,,0.0,,,100.0,-0.008,困境,0.0,"{'tuition_income_ratio': 1.431, 'income_yoy_pct': 1.139}",,,0.0,,0.0,0,,,,,,20.0,15.1,0.0,30,forensic,13.5,低,低,13.5,低,風險不等於違法（Risk does not equal illegality）。本分數僅為稽查優先序參考，非違法或舞弊之認定。
N25,新北市碧城非營利幼兒園,非營利,111,三重區,25.059008,121.480405,11766240.0,11776249.0,,-10009.0,1.0009,,0,,,,,0.0,,,100.0,-0.0085,困境,0.0,"{'tuition_income_ratio': 1.431, 'income_yoy_pct': 1.139}",,,0.0,,0.0,0,,,,,,20.0,15.1,0.0,30,forensic,13.5,低,低,13.5,低,風險不等於違法（Risk does not equal illegality）。本分數僅為稽查優先序參考，非違法或舞弊之認定。
N24,新北市佳林非營利幼兒園,非營利,111,林口區,25.077993,121.384225,9612000.0,9619966.0,,-7966.0,1.0008,,0,,,,,0.0,,,100.0,-0.0083,困境,0.0,"{'tuition_income_ratio': 1.431, 'income_yoy_pct': 1.139}",,,0.0,,0.0,0,,,,,,20.0,15.1,0.0,30,forensic,13.5,低,低,13.5,低,風險不等於違法（Risk does not equal illegality）。本分數僅為稽查優先序參考，非違法或舞弊之認定。
N29,新北市東湖非營利幼兒園,非營利,113,林口區,25.075171,121.398011,28955088.0,27217319.0,,1737769.0,0.94,,0,,,,,0.0,,,100.0,0.6002,困境,0.0,"{'tuition_income_ratio': 1.431, 'income_yoy_pct': 1.139}",,,0.0,,0.0,0,,,,,,20.0,15.0,0.0,30,forensic,13.5,低,低,13.5,低,風險不等於違法（Risk does not equal illegality）。本分數僅為稽查優先序參考，非違法或舞弊之認定。
N29,新北市東湖非營利幼兒園,非營利,111,林口區,25.075171,121.398011,24325356.0,22968824.0,,1356532.0,0.9442,,0,,,,,0.0,,,100.0,0.5577,困境,0.0,"{'tuition_income_ratio': 1.431, 'income_yoy_pct': 1.139}",,,0.0,,0.0,0,,,,,,20.0,15.0,0.0,30,forensic,13.5,低,低,13.5,低,風險不等於違法（Risk does not equal illegality）。本分數僅為稽查優先序參考，非違法或舞弊之認定。
N38,新北市崁頂非營利幼兒園,非營利,113,淡水區,25.165706,121.440255,24082240.0,22729223.0,,1353017.0,0.9438,,0,,,,,0.0,,,100.0,0.5618,困境,0.0,"{'tuition_income_ratio': 1.431, 'income_yoy_pct': 1.139}",,,0.0,,0.0,0,,,,,,20.0,15.0,0.0,30,forensic,13.5,低,低,13.5,低,風險不等於違法（Risk does not equal illegality）。本分數僅為稽查優先序參考，非違法或舞弊之認定。
N34,新北市佳和非營利幼兒園,非營利,113,中和區,25.000024,121.505786,13953600.0,13027000.0,,926600.0,0.9336,,0,,,,,0.0,,,100.0,0.6641,困境,0.0,"{'tuition_income_ratio': 1.431, 'income_yoy_pct': 1.139}",,,0.0,,0.0,0,,,,,,20.0,15.0,0.0,30,forensic,13.5,低,低,13.5,低,風險不等於違法（Risk does not equal illegality）。本分數僅為稽查優先序參考，非違法或舞弊之認定。
N29,新北市東湖非營利幼兒園,非營利,112,林口區,25.075171,121.398011,26536752.0,26564496.0,,-27744.0,1.001,,0,,,,,0.0,,,100.0,-0.0105,困境,0.0,"{'tuition_income_ratio': 1.431, 'income_yoy_pct': 1.139}",,,0.0,,0.0,0,,,,,,20.0,15.1,0.0,30,forensic,13.5,低,低,13.5,低,風險不等於違法（Risk does not equal illegality）。本分數僅為稽查優先序參考，非違法或舞弊之認定。
N34,新北市佳和非營利幼兒園,非營利,112,中和區,25.000024,121.505786,10947680.0,10383812.0,,563868.0,0.9485,,0,,,,,0.0,,,100.0,0.5151,困境,0.0,"{'tuition_income_ratio': 1.431, 'income_yoy_pct': 1.139}",,,0.0,,0.0,0,,,,,,20.0,15.0,0.0,30,forensic,13.5,低,低,13.5,低,風險不等於違法（Risk does not equal illegality）。本分數僅為稽查優先序參考，非違法或舞弊之認定。
13610,新北市立淡水幼兒園,公校,114,淡水區,25.170833,121.440658,27621925.0,28171667.0,2991840.0,-549742.0,1.0199,0.0139,255,2.0,8.454,0.39044,False,4.5,0.0145,-0.0199,100.0,-0.1471,困境,13.8,"{'income_yoy_pct': -1.289, 'tuition_income_ratio': 1.026}",2.07,1195836.0,0.0,,0.0,0,,,優,,,20.0,22.0,0.0,0,forensic,11.8,低,低,11.8,低,風險不等於違法（Risk does not equal illegality）。本分數僅為稽查優先序參考，非違法或舞弊之認定。
13608,新北市立鶯歌幼兒園,公校,112,鶯歌區,24.946736,121.358976,25157510.0,25113871.0,2787000.0,43639.0,0.9983,0.01913,223,10.0,12.083,0.14755,False,2.0,-0.0161,0.0017,100.0,0.0554,困境,13.4,"{'tuition_income_ratio': -0.235, 'income_yoy_pct': 0.047}",2.06,798520.0,0.0,,0.0,0,,,優,,,20.0,20.8,0.0,0,forensic,11.3,低,低,11.3,低,風險不等於違法（Risk does not equal illegality）。本分數僅為稽查優先序參考，非違法或舞弊之認定。
N01,新北市安溪非營利幼兒園,非營利,111,三峽區,24.940259,121.369761,16803187.0,-16743535.0,,649872.0,-0.9964,,0,,,,,0.0,,,0.0,13.5038,安全,0.0,"{'tuition_income_ratio': 1.431, 'income_yoy_pct': 1.139}",,,0.0,,0.0,0,,,,,,20.0,0.0,0.0,30,forensic,7.5,低,低,7.5,低,風險不等於違法（Risk does not equal illegality）。本分數僅為稽查優先序參考，非違法或舞弊之認定。
A03,新北市新莊區新莊國民小學附設幼兒園,公立附幼,114,,,,,,,,,,0,,,,,0.0,,,0.0,,,0.0,"{'tuition_income_ratio': 1.431, 'income_yoy_pct': 1.139}",,,0.0,,0.0,0,,,優,,,20.0,0.0,0.0,0,behavioral,4.0,低,低,4.0,低,風險不等於違法（Risk does not equal illegality）。本分數僅為稽查優先序參考，非違法或舞弊之認定。
