park_id,park_name,park_type,year,income_actual,expense_actual,surplus,tuition_actual,extraction_confidence,data_source
N01,新北市安溪非營利幼兒園,非營利,113,20155978,22144749,-1988771,17990000.0,high,非營利園財務報告（Bedrock 視覺抽取）
N02,新北市山北非營利幼兒園,非營利,113,15866725,15191842,674883,,high,非營利園財務報告（Bedrock 視覺抽取）
N03,新北市龍埔成長非營利幼兒園,非營利,113,12844402,13604475,-760073,11931000.0,high,非營利園財務報告（Bedrock 視覺抽取）
N04,新北市海工非營利幼兒園,非營利,113,8351127,8871195,-520068,7608000.0,high,非營利園財務報告（Bedrock 視覺抽取）
N05,新北市漢翔非營利幼兒園,非營利,113,13204495,11597650,1606845,12232000.0,high,非營利園財務報告（Bedrock 視覺抽取）
N06,新北市昌平非營利幼兒園,非營利,113,14632460,15234973,-602513,11765429.0,high,非營利園財務報告（Bedrock 視覺抽取）
N07,新北市北大非營利幼兒園,非營利,113,29145666,25409886,2625967,19063795.0,medium,非營利園財務報告（Bedrock 視覺抽取）
N08,新北市鷺江非營利幼兒園,非營利,113,15523274,16288934,-765660,11529155.0,high,非營利園財務報告（Bedrock 視覺抽取）
N09,新北市安興非營利幼兒園,非營利,113,15297334,10105038,5192296,,high,非營利園財務報告（Bedrock 視覺抽取）
N10,新北市大觀非營利幼兒園,非營利,113,17552976,18076343,-523367,,high,非營利園財務報告（Bedrock 視覺抽取）
N11,新北市新林非營利幼兒園,非營利,113,18980024,18425179,554845,,high,非營利園財務報告（Bedrock 視覺抽取）
N12,新北市昌福非營利幼兒園,非營利,113,10663712,11356145,-692433,,high,非營利園財務報告（Bedrock 視覺抽取）
N13,新北市三多非營利幼兒園,非營利,113,14106044,14006528,99516,,high,非營利園財務報告（Bedrock 視覺抽取）
N14,新北市積穗非營利幼兒園,非營利,113,23891160,22375848,1515312,21363539.0,high,非營利園財務報告（Bedrock 視覺抽取）
N15,新北市新月非營利幼兒園,非營利,113,28187129,28950792,-763663,,high,非營利園財務報告（Bedrock 視覺抽取）
N16,新北市中平非營利幼兒園,非營利,113,18029885,16978466,1051419,14032434.0,high,非營利園財務報告（Bedrock 視覺抽取）
N17,新北市中正非營利幼兒園,非營利,113,18611616,18294084,317532,16276000.0,high,非營利園財務報告（Bedrock 視覺抽取）
N18,新北市福營非營利幼兒園,非營利,113,17776711,16853916,922795,,high,非營利園財務報告（Bedrock 視覺抽取）
N19,新北市中園非營利幼兒園,非營利,113,20306043,20601128,-295085,,high,非營利園財務報告（Bedrock 視覺抽取）
N20,新北市柏翠非營利幼兒園,非營利,113,25564753,21440731,4124022,,high,非營利園財務報告（Bedrock 視覺抽取）
N21,新北市文創非營利幼兒園,非營利,113,14142103,13684798,457305,,high,非營利園財務報告（Bedrock 視覺抽取）
N22,新北市文仁非營利幼兒園,非營利,113,14701958,14265648,436310,12570095.0,high,非營利園財務報告（Bedrock 視覺抽取）
N23,新北市菁湖非營利幼兒園,非營利,113,15712945,16339646,-626701,,high,非營利園財務報告（Bedrock 視覺抽取）
N24,新北市佳林非營利幼兒園,非營利,113,12446887,12880711,-433824,9558952.0,high,非營利園財務報告（Bedrock 視覺抽取）
N25,新北市碧城非營利幼兒園,非營利,113,21808378,16607411,3842941,11868007.0,medium,非營利園財務報告（Bedrock 視覺抽取）
N26,新北市新店及人非營利幼兒園,非營利,113,14434369,13414200,1020169,,high,非營利園財務報告（Bedrock 視覺抽取）
N27,新北市育平非營利幼兒園,非營利,113,15237003,16249661,-1012658,,high,非營利園財務報告（Bedrock 視覺抽取）
N28,新北市新樂非營利幼兒園,非營利,113,30175635,29190029,985606,,high,非營利園財務報告（Bedrock 視覺抽取）
N29,新北市東湖非營利幼兒園,非營利,113,33959943,32630093,1329850,28968296.0,high,非營利園財務報告（Bedrock 視覺抽取）
N30,新北市文中非營利幼兒園,非營利,113,14628366,14215626,412740,,high,非營利園財務報告（Bedrock 視覺抽取）
N31,新北市翠中非營利幼兒園,非營利,113,13401418,12998533,402885,,high,非營利園財務報告（Bedrock 視覺抽取）
N32,新北市板橋員工子女非營利幼兒園,非營利,113,22671348,22507874,163474,,high,非營利園財務報告（Bedrock 視覺抽取）
N33,新北市淡海非營利幼兒園,非營利,113,22928947,25090994,-2162047,19828000.0,high,非營利園財務報告（Bedrock 視覺抽取）
N34,新北市佳和非營利幼兒園,非營利,113,15622560,15622560,0,,high,非營利園財務報告（Bedrock 視覺抽取）
N35,新北市桃子腳非營利幼兒園,非營利,113,23579137,20749050,2830087,22456712.0,high,非營利園財務報告（Bedrock 視覺抽取）
N36,新北市明德非營利幼兒園,非營利,113,12179040,10793597,1385443,,high,非營利園財務報告（Bedrock 視覺抽取）
N37,新北市清水高中非營利幼兒園,非營利,113,9985305,8552444,1432861,8761524.0,high,非營利園財務報告（Bedrock 視覺抽取）
N38,新北市崁頂非營利幼兒園,非營利,113,24490192,22276971,2213221,,high,非營利園財務報告（Bedrock 視覺抽取）
