park_name,district,address
新北市立板橋幼兒園,板橋區,新北市板橋區文化路一段23號
新北市立三重幼兒園,三重區,新北市三重區力行路二段5號
新北市立中和幼兒園,中和區,新北市中和區中安街85號
新北市立永和幼兒園,永和區,新北市永和區永和路一段65號
新北市立新店幼兒園,新店區,新北市新店區三民路38號
新北市立樹林幼兒園,樹林區,新北市樹林區中山路一段113號
新北市立鶯歌幼兒園,鶯歌區,新北市鶯歌區文化路263號
新北市立三峽幼兒園,三峽區,新北市三峽區中山路16號
新北市立淡水幼兒園,淡水區,新北市淡水區中正路一段111號
新北市立五股幼兒園,五股區,新北市五股區成泰路一段92號
新北市立泰山幼兒園,泰山區,新北市泰山區明志路二段265號
新北市立林口幼兒園,林口區,新北市林口區中山路91號
新北市立深坑幼兒園,深坑區,新北市深坑區文化街9號
新北市立三芝幼兒園,三芝區,新北市三芝區中山路一段6號
新北市立八里幼兒園,八里區,新北市八里區中山路二段380號
新北市立萬里幼兒園,萬里區,新北市萬里區瑪鋉路221號
新北市立烏來幼兒園,烏來區,新北市烏來區烏來街2號
