park_id,park_name,approved_capacity,actual_enrollment,staff_count,enrollment_note,is_synthetic
13601,新北市立板橋幼兒園,312,,,本部126+新民分班93+和平分班93,0
13602,新北市立三重幼兒園,174,,,本部94+崇德分班80,0
13603,新北市立中和幼兒園,324,,,本部105+飛駝分班48+慈光分班81+碧湖分班90,0
13604,新北市立永和幼兒園,551,,,本部200+博愛分班60+忠孝分班100+保生分班81+民生分班110,0
13605,新北市立新莊幼兒園,283,,,本部163+中心分班120,0
13606,新北市立新店幼兒園,270,,,本部120+碧潭分班60+雙城分班90,0
13607,新北市立樹林幼兒園,217,,,本部90+山佳分班50+彭厝分班47+圳安分班30,0
13608,新北市立鶯歌幼兒園,271,,,無分班,0
13609,新北市立三峽幼兒園,195,,,本部85+中興分班30+龍埔分班80,0
13610,新北市立淡水幼兒園,234,,,本部128+竹圍分班106,0
13611,新北市立瑞芳幼兒園,,,,教保網查無此園（疑整併/停辦，財務亦顯示異常）,0
13612,新北市立土城幼兒園,315,,,本部180+大頂埔分班90+清水分班45,0
13613,新北市立蘆洲幼兒園,150,,,無分班,0
13614,新北市立五股幼兒園,502,,,本部150+水碓分班68+更新分班75+成州分班29+德音分班120+陸一分班60,0
13615,新北市立泰山幼兒園,226,,,本部121+明志分班57+貴和分班48,0
13616,新北市立林口幼兒園,226,,,本部90+湖北分班30+忠孝分班60+文化分班46,0
13617,新北市立深坑幼兒園,99,,,本部69+土庫分班30,0
13620,新北市立三芝幼兒園,115,,,本部73+福成分班42,0
13622,新北市立八里幼兒園,128,,,本部48+龍源分班40+大埤頂分班40,0
13626,新北市立金山幼兒園,,,,教保網查無此園（可能改制/整併或名稱不同）,0
13627,新北市立萬里幼兒園,105,,,無分班,0
13628,新北市立烏來幼兒園,45,,,無分班,0
