code,short_name,park_name,district,address
N01,安溪,新北市安溪非營利幼兒園,三峽區,新北市三峽區中華路42號
N02,山北,新北市山北非營利幼兒園,中和區,新北市中和區莊敬路49巷29弄2號
N03,龍埔成長,新北市龍埔成長非營利幼兒園,三峽區,新北市三峽區大學路6號
N04,海工,新北市海工非營利幼兒園,土城區,新北市土城區學府路一段241號
N05,漢翔,新北市漢翔非營利幼兒園,三峽區,新北市三峽區大學路218號
N06,昌平,新北市昌平非營利幼兒園,新莊區,新北市新莊區昌平街200號
N07,北大,新北市北大非營利幼兒園,三峽區,新北市三峽區國光街100號
N08,鷺江,新北市鷺江非營利幼兒園,蘆洲區,新北市蘆洲區長樂路235號
N09,安興,新北市安興非營利幼兒園,新店區,新北市新店區安興路129號
N10,大觀,新北市大觀非營利幼兒園,板橋區,新北市板橋區僑中一街1號
N11,新林,新北市新林非營利幼兒園,林口區,新北市林口區三民路101號
N12,昌福,新北市昌福非營利幼兒園,鶯歌區,新北市鶯歌區永明街22號
N13,三多,新北市三多非營利幼兒園,樹林區,新北市樹林區三多路101號
N14,積穗,新北市積穗非營利幼兒園,中和區,新北市中和區民安街66號
N15,新月,新北市新月非營利幼兒園,板橋區,新北市板橋區中正路437號
N16,中平,新北市中平非營利幼兒園,新莊區,新北市新莊區中平路385號
N17,中正,新北市中正非營利幼兒園,土城區,新北市土城區金城路二段247號
N18,福營,新北市福營非營利幼兒園,新莊區,新北市新莊區富國路105號
N19,中園,新北市中園非營利幼兒園,三峽區,新北市三峽區弘園街22號
N20,柏翠,新北市柏翠非營利幼兒園,板橋區,新北市板橋區華江一路150號
N21,文創,新北市文創非營利幼兒園,林口區,新北市林口區文化一路一段201號
N22,文仁,新北市文仁非營利幼兒園,林口區,新北市林口區民治路3號
N23,菁湖,新北市菁湖非營利幼兒園,林口區,新北市林口區林口路70號
N24,佳林,新北市佳林非營利幼兒園,林口區,新北市林口區中山路268號
N25,碧城,新北市碧城非營利幼兒園,三重區,新北市三重區三信路166號
N26,新店及人,新北市新店及人非營利幼兒園,新店區,新北市新店區安興路1號
N27,育平,新北市育平非營利幼兒園,永和區,新北市永和區保生路25號
N28,新樂,新北市新樂非營利幼兒園,新莊區,新北市新莊區中華路一段75號
N29,東湖,新北市東湖非營利幼兒園,林口區,新北市林口區四維路201號
N30,文中,新北市文中非營利幼兒園,新店區,新北市新店區文中路38號
N31,翠中,新北市翠中非營利幼兒園,板橋區,新北市板橋區松江街63號
N32,板橋員工子女,新北市板橋員工子女非營利幼兒園,板橋區,新北市板橋區中山路一段161號
N33,淡海,新北市淡海非營利幼兒園,淡水區,新北市淡水區堵頂三路1號
N34,佳和,新北市佳和非營利幼兒園,中和區,新北市中和區中山路二段64巷9之1號
N35,桃子腳,新北市桃子腳非營利幼兒園,樹林區,新北市樹林區學勤路555之1號
N36,明德,新北市明德非營利幼兒園,土城區,新北市土城區學士路153號
N37,清水高中,新北市清水高中附設非營利幼兒園,土城區,新北市土城區明德路1段2號
N38,崁頂,新北市崁頂非營利幼兒園,淡水區,新北市淡水區新市三路一段231號
