park_name,city,area,pub_type,address,tel,capacity,status
新北市私立天心幼兒園,新北市,萬里區,私立,[207]瑪鋉下街17號1、2樓,(02)24922742,50,正常
新北市私立幼祥幼兒園,新北市,板橋區,私立,[220]中正路360巷45、47、49號1樓,(02)29667509,84,正常
陽光森林文教股份有限公司臺北縣分公司附設新北市私立陽光小子幼兒園,新北市,板橋區,私立,[220]三民路二段215號1、2樓,(02)29555576,62,正常
新北市私立寶貝世界幼兒園,新北市,板橋區,私立,[220]中正路332號2樓,(02)29601100,100,廢止設立許可
新北市私立福音幼兒園,新北市,板橋區,私立,[220]民族路8號2樓,(02)29518767,60,廢止設立許可
新北市私立緹家寶幼兒園,新北市,板橋區,私立,[220]新海路416號1、2、3樓,(02)22512872,68,正常
新北市私立和平幼兒園,新北市,板橋區,私立,[220]民權路202巷17弄70號,(02)29671237,180,正常
新北市私立雨農幼兒園,新北市,板橋區,私立,[220]雨農路27巷2號2樓,(02)22519395,168,正常
新北市私立童心幼兒園,新北市,板橋區,私立,[220]文化路一段188巷30號1樓,(02)22590779,41,正常
新北市私立艾法薇爾幼兒園,新北市,板橋區,私立,[220]雙十路二段85號1樓及87號1樓、87號2樓,(02)82511545,218,正常
新北市私立科見板橋幼兒園,新北市,板橋區,私立,[220]中山路一段69號2樓及3樓,(02)89517548,138,正常
新北市私立慧晟幼兒園,新北市,板橋區,私立,[220]永豐街123號1樓、123之1號2樓及123之2號3樓,(02)29513571,45,正常
新北市私立全能愛彌兒板橋幼兒園永豐分班,新北市,板橋區,私立,[220]永豐街43號1樓及2樓、43之1號1樓、41號1樓,(02)29541585,45,正常
新北市私立欣勵德幼兒園,新北市,板橋區,私立,[220]篤行路二段161巷18號1樓,(02)26878741,28,正常
新北市私立山姆叔叔板橋幼兒園,新北市,板橋區,私立,[220]文化路二段348號1樓、2樓及3樓,(02)82513898,40,正常
新北市私立江翠幼兒園,新北市,板橋區,私立,[220]宏國路78號及80號1樓,(02)22565100,100,正常
新北市私立立聖幼兒園,新北市,板橋區,私立,[220]中正路230號1、2、3樓,(02)89698680,120,正常
新北市私立茁壯園板橋幼兒園,新北市,板橋區,私立,[220]民族路87號2樓,(02)29515202,50,正常
新北市私立幼華幼兒園,新北市,板橋區,私立,[220]大仁街68號,(02)22720200,39,正常
新北市私立艾法貝爾幼兒園,新北市,板橋區,私立,[220]區運路43號,(02)29588860,120,正常
新北市汐止區金龍國民小學附設幼兒園,新北市,汐止區,公立,[221]明峰街201號,(02)26959941#270,242,正常
新北市私立芝蔴城幼兒園,新北市,汐止區,私立,[221]新台五路2段150號1.2樓,(02)26478689,45,正常
新北市私立佳盈幼兒園,新北市,汐止區,私立,[221]汐止市莊敬街130號2樓,(02)26497438,180,正常
新北市私立汐止皇家幼兒園,新北市,汐止區,私立,[221]新台五路一段79號之3,(02)26989288,200,正常
新北市私立汐止名人幼兒園,新北市,汐止區,私立,[221]大同路2段240之1號1樓、240號2樓之3,(02)26497979,50,正常
新北市私立安格幼兒園,新北市,汐止區,私立,[221]弘道街53巷8弄5號1樓，7號1樓,(02)26407791,46,廢止設立許可
新北市私立哈寶寶幼兒園,新北市,汐止區,私立,[221]建成路56巷27號2樓、2樓之1、2樓之2,(02)26416401,97,正常
新北市私立幼煊幼兒園,新北市,汐止區,私立,[221]樟樹一路81號、83號1樓,(02)26429793,30,正常
新北市私立崇幼幼兒園,新北市,汐止區,私立,[221]建成路28巷11號1樓、2樓,(02)26490578,56,正常
新北市私立深緣幼兒園,新北市,深坑區,私立,[222]平埔街5巷12號1樓及9巷9號1樓,(02)26624238,45,正常
新北市私立星星幼兒園,新北市,瑞芳區,私立,[224]三爪子坑路國中新村18號、18之1號,(02)24976716,91,正常
新北市私立金幼聲幼兒園,新北市,瑞芳區,私立,[224]大埔路吉慶公園城4號1樓、2樓、6號1樓,(02)24571988,49,廢止設立許可
新北市私立樺興幼兒園,新北市,瑞芳區,私立,[224]瑞芳街21之1號1樓,(02)24969246,60,正常
新北市私立童心圓幼兒園,新北市,新店區,私立,[231]中興路一段101號1樓,(02)86656688,45,正常
新北市私立新中幼兒園,新北市,新店區,私立,[231]中正路360號2樓,(02)22192878,170,正常
新北市私立幼幼立大幼兒園,新北市,新店區,私立,"[231]北新路二段29巷1弄1號1,2樓",(02)86653778,60,正常
新北市私立幼禾幼兒園,新北市,新店區,私立,[231]平等街48巷17、19號,(02)29103808,28,正常
新北市私立樂童幼兒園,新北市,新店區,私立,[231]大豐路16巷9號、11號1樓,(02)29147856,65,正常
新北市私立小綠芽幼兒園,新北市,新店區,私立,[231]中正路382巷1號1樓,(02)22193305,29,正常
財團法人天主教新北市私立育新幼兒園,新北市,新店區,私立,[231]三民路19號,(02)29158300#101,210,正常
新北市私立安康幼兒園,新北市,新店區,私立,[231]安康路2段168號1樓、2樓、3樓,(02)86660666,121,正常
新北市私立李氏姐妹幼兒園,新北市,新店區,私立,[231]中華路5號、9號2樓、9號2樓之1,(02)29122995,142,正常
新北市私立莘莘幼兒園,新北市,新店區,私立,[231]中正路284巷4弄3號1樓,(02)29124853,30,正常
新北市私立俏媽咪幼兒園,新北市,新店區,私立,[231]民族路55號,(02)29115811,70,正常
新北市安興非營利幼兒園(委託財團法人仁德醫護管理專科學校辦理),新北市,新店區,非營利,[231]安興路129號1、2、3樓,(02)22122100,60,正常
新北市文中非營利幼兒園（委託社團法人臺灣澄芽全人文教發展協會辦理）,新北市,新店區,非營利,[231]文中路38號,(02)89115700,106,正常
新北市永和區永和國民小學附設幼兒園,新北市,永和區,公立,[234]秀朗路一段120號,(02)29213160#600,226,正常
新北市私立新惠幼幼兒園保安分班,新北市,永和區,私立,[234]保安路252巷3號1樓,(02)29209603,16,正常
新北市私立喬幼國際幼兒園,新北市,永和區,私立,[234]中和路435號1-2樓,(02-)29241528,45,正常
新北市私立永達幼兒園,新北市,永和區,私立,[234]永貞路39巷9弄7號、9號,(02)29228387,90,正常
新北市私立佳樂幼兒園,新北市,永和區,私立,[234]福和路95號1樓至2樓,(02)29210336,92,正常
新北市私立培賢幼兒園,新北市,永和區,私立,[234]竹林路179巷25號1樓,(02)89285035,62,正常
新北市私立幼森幼兒園,新北市,永和區,私立,[234]永和路一段18巷2號1樓,(02)32338272,60,正常
新北市私立快樂瑪麗安葳森幼兒園,新北市,永和區,私立,[234]竹林路176號3樓,(02)29290012,68,正常
新北市私立七賢幼兒園,新北市,永和區,私立,[234]竹林路119巷10弄6號,(02)89277171,60,正常
育才學校財團法人新北市私立育才國民小學附設幼兒園,新北市,永和區,私立,[234]福和路125巷20號,(02)29214630#310,120,正常
新北市私立育圃幼兒園,新北市,永和區,私立,[234]中和路483號2樓、2樓之1,(02)86606161,50,正常
新北市私立新時代幼兒園,新北市,中和區,私立,[235]莒光路120巷14號1~2樓、16號1~2樓,(02)29585161,32,正常
新北市私立兆元幼兒園,新北市,中和區,私立,[235]中和市復興路280巷46弄3、4、5號,0966123177,50,正常
新北市私立椰林幼兒園,新北市,中和區,私立,[235]中和市安平路68號1樓及夾層,(02)29489587,29,正常
財團法人新北市私立竹林高級中學附設新北市私立竹林幼兒園,新北市,中和區,私立,[235]華新街143巷12之1號1、2樓,(02)29469271,224,正常
新北市私立巨星幼兒園,新北市,中和區,私立,[235]光華街100號、102號及106號1樓,(02)82455738,59,正常
新北市私立新天地國際蒙特梭利幼兒園,新北市,中和區,私立,[235]景安路49號1、2樓,(02)29477317,56,正常
新北市私立中和松柏幼兒園,新北市,中和區,私立,[235]國光街112巷38號、40號、42號,(02)29522578,60,正常
新北市私立興南幼兒園,新北市,中和區,私立,[235]景新街347號2樓,(02)89421996,65,廢止設立許可
新北市私立小小幼兒園,新北市,中和區,私立,"[235]大勇街60巷16號1樓,18號1樓,16之1號",(02)86681089,30,廢止設立許可
新北市私立迪仕尼幼兒園,新北市,中和區,私立,[235]忠孝街57號1樓、57之1號1樓,(02)29416544,32,正常
南山學校財團法人新北市南山高級中學附設私立員工幼兒園,新北市,中和區,私立,[235]廣福路41號1樓,(02)22453000#411,200,正常
新北市私立弘恩幼兒園,新北市,中和區,私立,[235]員山路406號1~2樓,(02)82218028,36,正常
新北市私立景光幼兒園,新北市,中和區,私立,"[235]景新街467巷35弄16,18號各1樓",(02)29427833,40,正常
新北市私立民治園幼兒園,新北市,中和區,私立,"[235]民治街4號1樓,4-1號1樓",(02)22236161,112,正常
新北市私立永愛幼兒園,新北市,中和區,私立,[235]秀朗路三段128巷12弄5號及7號1、2樓,(02)29423775,120,正常
新北市私立小博士幼兒園,新北市,中和區,私立,"[235]中正路792號1,2,3樓,800號2樓之3",(02)22287342,255,正常
新北市私立文大幼兒園,新北市,中和區,私立,[235]員山路428號1及2樓,(02)22225178,45,廢止設立許可
新北市私立福樂幼兒園,新北市,中和區,私立,[235]中興街200號,(02)22421777,180,正常
新北市私立時代幼兒園,新北市,中和區,私立,[235]莒光路84巷22號1樓、24號1樓,(02)29585161,55,正常
新北市私立聖中幼兒園,新北市,中和區,私立,[235]新生街166巷、18、20號、20之1號,(02)22210606,50,廢止設立許可
新北市私立實踐菁英幼兒園,新北市,中和區,私立,[235]中山路2段332巷76號1樓,(02)22475433,60,正常
新北市私立欣和幼兒園,新北市,土城區,私立,[236]延吉街253巷18弄3號1.2樓,(02)22638550,40,正常
新北市私立彤恩幼兒園,新北市,土城區,私立,[236]金城路3段19號1、2樓,(02)82621250,42,正常
新北市私立安佳幼兒園,新北市,土城區,私立,[236]廣明街74、76號,(02)89668515,123,正常
新北市私立休士頓幼兒園,新北市,土城區,私立,[236]明德路一段74號1.2.3樓,(02)22633066,300,正常
新北市私立土城育全幼兒園,新北市,土城區,私立,[236]學府路1段98巷32號、32-1號1樓、2樓、3樓,(02)22628181,349,正常
新北市私立幼強幼兒園,新北市,土城區,私立,[236]延吉街78巷1弄2、4、6、8、10號,(02)22617239,100,正常
新北市私立丹妮爾幼兒園,新北市,土城區,私立,[236]中央路一段285、287號,(02)22633647,88,正常
新北市私立土城名仁幼兒園,新北市,土城區,私立,[236]延吉街217巷9弄3號,(02)82621941,47,正常
新北市私立立仁幼兒園,新北市,土城區,私立,[236]樂利街5號1、2樓,(02)22613248,120,正常
新北市私立肯恩土城幼兒園,新北市,土城區,私立,[236]學士路12巷16號1樓及18號1、2樓,(02)22638303,96,正常
新北市私立高登幼兒園,新北市,土城區,私立,[236]中央路3段279號1、2、3樓,(02)22691177,225,正常
新北市私立嘉府幼兒園,新北市,土城區,私立,[236]學府路1段155巷2號2樓、157號2樓,(02)82625512,130,正常
新北市私立佳學幼兒園,新北市,土城區,私立,[236]學士路413號1、2、3樓,(02)22601413,211,正常
新北市三峽區農會附設新北市私立幼兒園,新北市,三峽區,私立,[237]長泰街98巷5號2樓,(02)26711002#126,89,正常
新北市私立文化幼兒園,新北市,三峽區,私立,[237]大勇路3巷1、3號,(02)26717156,60,廢止設立許可
新北市私立喬中幼兒園,新北市,樹林區,私立,[238]復興路198號2樓,(02)26752955,116,正常
新北市私立艾維恩幼兒園,新北市,樹林區,私立,[238]大成路373號1、2、3樓,(02)26683135,42,正常
新北市私立育全保安幼兒園,新北市,樹林區,私立,"[238]保安街一段345號1,2,3樓",(02)26878181,456,正常
新北市私立雅立福幼兒園,新北市,樹林區,私立,"[238]三福街85巷2-1號,2-2號1樓",(02)26885123,57,正常
新北市私立富雅幼兒園,新北市,樹林區,私立,[238]地政街17號1、2、3樓,(02)26689689,190,正常
新北市私立奇異鳥米蘭幼兒園,新北市,樹林區,私立,[238]長壽街15之5號2樓、15之6號1樓、15之7號1、2樓,(02)26824949,86,正常
新北市私立立群幼兒園,新北市,樹林區,私立,[238]千歲街106號及108號1、2樓,(02)26862021,73,正常
新北市私立北大迦美幼兒園,新北市,樹林區,私立,[238]大成路365號,(02)26800301,40,廢止設立許可
新北市立鶯歌幼兒園,新北市,鶯歌區,公立,[239]大湖路336號,(02)26781259#18,271,正常
新北市私立愛迪生幼兒園,新北市,鶯歌區,私立,[239]建國路556號1、2、3樓,(02)26704615,165,正常
新北市私立及仁幼兒園,新北市,鶯歌區,私立,[239]鳳吉一街172號1至3樓,(02)26799611,151,正常
新北市私立朱徠德幼兒園,新北市,鶯歌區,私立,[239]鶯桃路301號1、2樓,(02)26799000,250,正常
新北市私立康乃爾幼兒園,新北市,鶯歌區,私立,[239]育英街98-1號1樓,(02)26787999,75,正常
新北市私立精英國際幼兒園,新北市,鶯歌區,私立,[239]中山路249巷30號1樓、32號1樓、36號1至2樓及36號露臺,(02)26793299,151,正常
新北市昌福非營利幼兒園（委託明新學校財團法人明新科技大學辦理）,新北市,鶯歌區,非營利,[239]永明街22號1樓,(02)26708189,90,正常
新北市三重區光興國民小學附設幼兒園,新北市,三重區,公立,[241]正義南路62號,(02)29755352#170,226,正常
新北市三重區光榮國民小學附設幼兒園,新北市,三重區,公立,[241]介壽路32號,(02)29730392#700,226,正常
新北市私立幼苗國際幼兒園,新北市,三重區,私立,"[241]中正北路165巷2號1樓,2樓,3樓",(02)89814080,228,正常
新北市私立邦喬妮幼兒園,新北市,三重區,私立,"[241]五華街21巷3號1樓,5樓1樓",(02)29831314,32,正常
新北市私立華兒園精緻幼兒園,新北市,三重區,私立,[241]三和路二段75號2樓,(02)29761536,61,正常
新北市私立重新幼兒園,新北市,三重區,私立,[241]重新路二段21號2樓,(02)29854162,57,正常
新北市私立鼎群幼兒園,新北市,三重區,私立,[241]福德北路50號1樓,(02)29706018,29,正常
財團法人天主教會台北教區附設新北市私立母心幼兒園,新北市,三重區,私立,[241]大同北路115巷3號1樓,(02)29711193,180,正常
新北市私立英嘉幼兒園,新北市,三重區,私立,[241]三和路三段16巷2、4、6、8號1樓,(02)29822666,300,正常
新北市私立愛箂兒幼兒園,新北市,三重區,私立,[241]集美街121號1樓及2樓、119號2樓、成功路73巷35號2樓,(02)29778696,74,正常
新北市私立學仕幼兒園,新北市,三重區,私立,[241]重新路三段202、204號2樓、3樓,(02)29747878,93,正常
新北市私立翊華三重國際幼兒園,新北市,三重區,私立,[241]集賢路181號,(02)28572045,195,正常
新北市私立金吉邇幼兒園,新北市,三重區,私立,[241]洛陽街55巷16號,(02)8981-2079,51,正常
新北市私立維尼芽幼兒園,新北市,新莊區,私立,[242]後港一路76巷14弄3號1樓、建安街40巷7號1樓,(02)22050200,58,正常
新北市私立吉尼爾幼兒園,新北市,新莊區,私立,[242]中華路2段159號1、2樓,(02)29901626,56,正常
新北市私立超級小太陽幼兒園,新北市,新莊區,私立,[242]天泉二街22巷1號1樓,(02)22091702,38,廢止設立許可
新北市私立親親袋鼠幼兒園,新北市,新莊區,私立,[242]思源路87巷11號1樓、11之1號1樓,(02)29949655,145,正常
新北市私立晨光幼兒園,新北市,新莊區,私立,[242]雙鳳路90巷3弄5號,(02)29011339,120,正常
新北市私立勵輝國際幼兒園,新北市,新莊區,私立,[242]頭前路26號2樓（2、3層）,(02)22768918,84,正常
新北市私立傑瑞兒童村幼兒園,新北市,新莊區,私立,"[242]中正路887-27號1,2樓、887-27號2樓之1號",(02)29025350,150,正常
新北市私立民生幼兒園,新北市,新莊區,私立,[242]自立街214巷9弄1號、3號,(02)29923340,102,正常
新北市私立寧馨園幼兒園,新北市,新莊區,私立,[242]龍安路517號1樓,(02)22039070,39,正常
新北市私立永松幼兒園,新北市,新莊區,私立,[242]光華街24、26號1、2樓,(02)22020520,89,正常
新北市私立千暉幼兒園,新北市,新莊區,私立,[242]八德街95巷1弄2、4號1樓、2-1、4-1號2樓、3弄1、3、5、7號1樓,(02)22052788,269,正常
夏恩國際教育股份有限公司附設新北市私立夏恩昌隆幼兒園,新北市,新莊區,私立,[242]中原路117號2樓之1、2樓之2,(02)89941238,67,正常
新北市私立心慈幼兒園,新北市,新莊區,私立,[242]中正路700-14號1-~2樓、700-15號1~2樓,(02)29019153,62,正常
新北市私立僑治亞幼兒園,新北市,新莊區,私立,[242]中港路629號1樓,(02)89926688,60,正常
新北市私立僑治亞幼兒園中港分班,新北市,新莊區,私立,[242]中港路629號2樓,(02)89926688,50,正常
新北市私立尼爾生幼兒園,新北市,新莊區,私立,[242]中平路81巷4號1樓、2樓,(02)22797200,53,正常
新北市私立儒林幼兒園,新北市,新莊區,私立,"[242]中正路新生巷73,75號1樓",(02)29072893,42,正常
新北市私立民安幼兒園,新北市,新莊區,私立,[242]民安西路137號2樓及龍安路456號2樓,(02)22050494,240,正常
新北市私立英勝幼兒園,新北市,新莊區,私立,[242]富貴路88號1、2、3樓,(02)85213736,300,正常
新北市私立育勝幼兒園,新北市,新莊區,私立,[242]富貴路90號1、2、3樓及96號1樓,(02)85217126,300,正常
海納川全人教育股份有限公司附設新北市私立艾倫戴爾幼兒園,新北市,新莊區,私立,[242]中正路715號1、2、3樓及715號(166建號E區),(02)77515999,811,正常
新北市私立比佛利幼兒園,新北市,泰山區,私立,[243]仁德路97巷2號1、2樓及105號1、2樓,(02)29090433,71,正常
新北市私立新仁愛幼兒園,新北市,泰山區,私立,[243]福興二街37號1樓,(02)29097007,73,正常
新北市私立智盛幼兒園,新北市,林口區,私立,[244]文化1路1段120號（1層）、2、3樓,(02)26093235,104,廢止設立許可
奇異林股份有限公司附設新北市私立奇異鳥麗林幼兒園,新北市,林口區,私立,[244]公園路138號1樓、2樓、2樓之1,(02)26008800,65,正常
新北市私立華邇街幼兒園,新北市,林口區,私立,[244]忠孝路542巷8之1號1樓,(02)26096005,60,正常
新北市私立勁寶兒林口幼兒園,新北市,林口區,私立,[244]隆林街101巷2號1、2、3樓,(02)26013666,120,正常
嘉聲文教事業股份有限公司附設新北市私立嘉聲幼兒園,新北市,林口區,私立,[244]三民路111號,(02)26002123,121,正常
新北市私立嘉傑幼兒園,新北市,林口區,私立,[244]文化一路一段23號1至3樓,(02)26091546,270,正常
新北市東湖非營利幼兒園(委託社團法人新北市巧湖溫馨關懷發展協會辦理),新北市,林口區,非營利,[244]四維路201號1樓,(02)26010201,242,正常
新北市私立愛丁堡幼兒園,新北市,蘆洲區,私立,[247]光榮路103號1樓、2樓,(02)82861100,120,廢止設立許可
新北市私立邦妮幼兒園,新北市,蘆洲區,私立,[247]中華街85號1、2樓、83號2樓,(02)82820211,74,正常
新北市私立榕榕園幼兒園,新北市,蘆洲區,私立,[247]重陽街15號1樓、夾層及17號1樓,(02)82860160,20,正常
新北市私立國園幼兒園,新北市,蘆洲區,私立,[247]信義路222巷11號1樓,(02)28488082,44,廢止設立許可
新北市私立光華幼兒園,新北市,蘆洲區,私立,[247]重陽二街8號1、2、3樓,(02)28476833,263,正常
新北市私立快樂佳園幼兒園,新北市,蘆洲區,私立,[247]民族路375號,(02)22831516,92,正常
新北市私立愛麗斯幼兒園,新北市,蘆洲區,私立,[247]水湳街102號2樓、104號1、2樓,(02)82851199,76,正常
新北市私立康橋幼兒園,新北市,蘆洲區,私立,[247]鷺江街97號1樓及93號、95號、97號2樓,(02)28480405,59,正常
新北市私立劍橋幼兒園,新北市,蘆洲區,私立,[247]長榮路700號1、2樓,(02)82858290,151,正常
新北市私立美樂蒂幼兒園,新北市,蘆洲區,私立,[247]中央路103號1、2樓,(02)82823968,36,正常
新北市私立凱文幼兒園,新北市,蘆洲區,私立,[247]長安街178號1、2樓,(02)22885201,79,正常
新北市私立蘆洲來來幼兒園,新北市,蘆洲區,私立,[247]民權路156號1、2、3樓,(02)22859282,200,廢止設立許可
新北市私立泉慧幼兒園,新北市,蘆洲區,私立,[247]長興路293號1樓,(02)22885153,37,正常
新北市私立集賢幼兒園,新北市,蘆洲區,私立,[247]集賢路292號1、2、3樓,(02)77301234,165,正常
新北市私立史丹力幼兒園,新北市,蘆洲區,私立,[247]光榮路96、98號2樓,(02)28479900,90,正常
新北市五股區成州國民小學附設幼兒園,新北市,五股區,公立,[248]成泰路三段493號,(02)22933613#701,76,正常
新北市立五股幼兒園德音分班,新北市,五股區,公立,[248]蓬萊路6巷45號1樓,(02)82959856,120,正常
新北市私立芮嘉幼兒園,新北市,五股區,私立,[248]水碓路2號1樓、6號1樓,(02)82957160,40,正常
新北市私立良華幼兒園,新北市,五股區,私立,[248]成泰路三段543巷9號2樓,(02)22935831,29,廢止設立許可
新北市私立維珍妮幼兒園,新北市,五股區,私立,[248]西雲路288號1樓,(02)22933212,40,正常
新北市私立振鋒幼兒園,新北市,五股區,私立,[248]明德路73之1號1樓及73號1、2、3樓,(02)22917325,150,正常
新北市私立威爾斯幼兒園,新北市,五股區,私立,[248]中興路4段48巷15號2樓,(02)82922085,150,正常
新北市私立新邦仁幼兒園,新北市,五股區,私立,[248]登林路81之52號1、2樓,(02)22926788,56,正常
新北市私立大崁璽恩幼兒園,新北市,八里區,私立,[249]中山路1段190號1、2樓,(02)26193992,60,正常
新北市淡水區育英國民小學附設幼兒園,新北市,淡水區,公立,[251]埤頭14號,(02)26214390#114,60,正常
新北市私立博士兒幼兒園,新北市,淡水區,私立,[251]沙崙路151巷12弄9號1樓,(02)28053239,28,廢止設立許可
新北市私立小親親幼兒園,新北市,淡水區,私立,[251]民生路124巷11弄3號1~2樓、5號1~2樓,(02)28097113,78,正常
新北市私立菁英幼兒園,新北市,淡水區,私立,[251]大忠街75號2樓、77號2樓,(02)26259491#2,40,正常
新北市私立愛家幼兒園,新北市,淡水區,私立,[251]新興街9號1樓、11號1樓、13號1樓,(02)86311045,50,正常
新北市私立萊恩得幼兒園,新北市,淡水區,私立,[251]民權路181巷7、9、11、13、15號1樓,(02)28082839,65,正常
新北市私立快樂小熊幼兒園,新北市,淡水區,私立,[251]中山北路1段247巷54號1樓、2樓及56號1樓、2樓,(02)26235611,60,正常
新北市私立漢斯堡國際幼兒園,新北市,淡水區,私立,[251]商工路186巷17號1、2樓,(02)26225627,57,正常
新北市三芝區三芝國民小學附設幼兒園,新北市,三芝區,公立,[252]育英街22號,(02)26362005#160,106,正常
