type,district,areacode,title,tel,zipcode,address
準公共,板橋區,65000010,新北市私立悅淨幼兒園,(02)89681060,220,[220]新北市板橋區流芳里9鄰東門街30之2號1樓之66、67、68、69
準公共,板橋區,65000010,新北市私立悅欣幼兒園,(02)29602160,220,[220]新北市板橋區流芳里9鄰東門街30之2號1樓之60、61、62、63
私立,板橋區,65000010,財團法人新北市大觀書社附設新北市私立大觀幼兒園,(02)29685028,220,[220]新北市板橋區黃石里3鄰西門街5號
公立,板橋區,65000010,新北市板橋區板橋國民小學附設幼兒園,(02)29686834#860,220,[220]新北市板橋區黃石里10鄰文化路一段23號
準公共,板橋區,65000010,新北市私立彬彬幼兒園,(02)29684216,220,[220]新北市板橋區湳興里5鄰館前西路160巷2號1樓及2樓
私立,板橋區,65000010,新北市私立吉的堡南雅幼兒園,(02)22711199,220,[220]新北市板橋區新興里7鄰南雅南路一段40號2樓、2樓之1及3樓
準公共,板橋區,65000010,新北市私立葳肯幼兒園,(02)22728080,220,[220]新北市板橋區社後里14鄰中正路213號2樓
準公共,板橋區,65000010,新北市私立忠山幼兒園,(02)29676813,220,[220]新北市板橋區香社里13鄰中正路275巷62弄1、3、5號1樓
公立,板橋區,65000010,新北市板橋區國光國民小學附設幼兒園,(02)29680611#518,220,[220]新北市板橋區香社里1鄰中正路325巷30號
私立,板橋區,65000010,新北市私立幼祥幼兒園,(02)29667509,220,[220]新北市板橋區中正里27鄰中正路360巷45、47、49號1樓
公立,板橋區,65000010,新北市立板橋幼兒園,02-29682497,220,[220]新北市板橋區中正里5鄰中正路375巷48號
非營利,板橋區,65000010,新北市新月非營利幼兒園(委託財團法人彭婉如文教基金會辦理),(02)29665136,220,[220]新北市板橋區中正里12鄰中正路437號1樓、2樓
非營利,板橋區,65000010,新北市永翠非營利幼兒園（委託社團法人新北市多元教育協會辦理）,(02)29683356,220,[220]新北市板橋區中正里2鄰香社一路56號
準公共,板橋區,65000010,新北市私立亞特幼兒園,(02)29687719,220,[220]新北市板橋區國光里6鄰國光路53號1樓
準公共,板橋區,65000010,新北市私立育群幼兒園,(02)29683289,220,[220]新北市板橋區金華里10鄰金華街10巷102號及10巷104號1樓
準公共,板橋區,65000010,新北市私立立聖幼兒園,(02)89698680,220,[220]新北市板橋區港德里1鄰中正路230號1、2、3樓
私立,板橋區,65000010,新北市私立育樂幼兒園,(02)29653936,220,[220]新北市板橋區民權里7鄰民權路260巷1弄14、16號1樓
準公共,板橋區,65000010,新北市私立慈惠幼兒園,(02)29651688,220,[220]新北市板橋區民權里18鄰民權路202巷22號1樓
私立,板橋區,65000010,新北市私立和平幼兒園,(02)29671237,220,[220]新北市板橋區建國里21鄰民權路202巷17弄70號
私立,板橋區,65000010,新北市私立諾亞幼兒園,(02)29672384,220,[220]新北市板橋區建國里1鄰中正路162號2樓及建國街1號1樓、夾層及2樓
準公共,板橋區,65000010,新北市私立漢林堡幼兒園,(02)29683688,220,[220]新北市板橋區漢生里10鄰光正街12-1號
私立,板橋區,65000010,新北市私立光星幼兒園,(02)22570779,220,[220]新北市板橋區新民里8鄰文化路一段188巷26號
私立,板橋區,65000010,新北市私立童心幼兒園,(02)22590779,220,[220]新北市板橋區新民里8鄰文化路一段188巷30號1樓
準公共,板橋區,65000010,新北市私立幸福幼兒園,(02)22566301,220,[220]新北市板橋區幸福里4鄰幸福路32巷2弄2號1樓、4號1樓
公立,板橋區,65000010,新北市板橋區文德國民小學附設幼兒園,(02)22577193#36,220,[220]新北市板橋區幸福里11鄰英士路179號
私立,板橋區,65000010,新北市私立晨暘幼兒園,(02)22587399,220,[220]新北市板橋區介壽里13鄰文化路一段270巷3弄3、5、7、9號1、2樓
準公共,板橋區,65000010,新北市私立致理幼兒園,(02)22573270#28,220,[220]新北市板橋區介壽里6鄰介壽街80號
準公共,板橋區,65000010,新北市私立大恩幼兒園,(02)22585685,220,[220]新北市板橋區介壽里3鄰介壽街23號及25號1樓
準公共,板橋區,65000010,新北市私立大同幼兒園,(02)22556104,220,[220]新北市板橋區新埔里4鄰自由路26巷24號及26號1樓
準公共,板橋區,65000010,新北市私立偉仁幼兒園,(02)22520645,220,[220]新北市板橋區溪頭里14鄰江寧路三段85巷10號、12號及14號1樓
準公共,板橋區,65000010,新北市私立江翠幼兒園,(02)22565100,220,[220]新北市板橋區溪頭里3鄰宏國路78號及80號1樓
準公共,板橋區,65000010,新北市私立三元幼兒園,(02)82533120,220,[220]新北市板橋區聯翠里1鄰民生路三段10號3樓
私立,板橋區,65000010,新北市私立雨農幼兒園,(02)22519395,220,[220]新北市板橋區新翠里27鄰雨農路27巷2號2樓
私立,板橋區,65000010,新北市私立雅森幼兒園,(02)22589338,220,[220]新北市板橋區新翠里20鄰英士路39號2樓
公立,板橋區,65000010,新北市板橋區新埔國民小學附設幼兒園,(02)22571830#682,220,[220]新北市板橋區新翠里4鄰陽明街206號
準公共,板橋區,65000010,新北市私立溫馨幼兒園,(02)22574311,220,[220]新北市板橋區吉翠里16鄰裕民街128巷3號1樓及夾層、5號1樓及夾層
私立,板橋區,65000010,新北市私立喬心幼兒園,(02)22557988,220,[220]新北市板橋區德翠里17鄰龍泉街55巷38弄2號2樓及3樓、55巷36號1樓及2樓
準公共,板橋區,65000010,新北市私立艾維恩四維幼兒園,(02)82586899,220,[220]新北市板橋區明翠里15鄰四維路257號2樓
私立,板橋區,65000010,新北市私立山姆叔叔板橋幼兒園,(02)82513898,220,[220]新北市板橋區松翠里2鄰文化路二段348號1樓、2樓及3樓
準公共,板橋區,65000010,新北市私立古典幼兒園,(02)82570020,220,[220]新北市板橋區柏翠里16鄰雙十路三段12號2樓
公立,板橋區,65000010,新北市板橋區江翠國民小學附設幼兒園,(02)22506374,220,[220]新北市板橋區柏翠里2鄰文化路二段413號
準公共,板橋區,65000010,新北市私立文聖幼兒園,(02)82584958,220,[220]新北市板橋區柏翠里4鄰雙十路3段10巷1弄8號1樓
非營利,板橋區,65000010,新北市柏翠非營利幼兒園(委託財團法人心路社會福利基金會辦理),(02)22565058,220,[220]新北市板橋區柏翠里14鄰華江一路150號
私立,板橋區,65000010,新北市私立愛唯兒幼兒園,(02)82512888,220,[220]新北市板橋區龍翠里3鄰大同街50巷18號1、2、3樓
職場互助,板橋區,65000010,新北市中華電信江翠職場互助教保服務中心（委託社團法人台灣幼兒早期教育協會辦理）,(02)22540051,220,"[220]新北市板橋區龍翠里20鄰雙十路二段 70巷2號1樓"
私立,板橋區,65000010,新北市私立喬治亞幼兒園,(02)22599752,220,[220]新北市板橋區華翠里10鄰莒光路135之1號1樓、135號1樓、137號1樓、139號1樓、135號2樓及137號2樓
公立,板橋區,65000010,新北市板橋區莒光國民小學附設幼兒園,(02)82597020,220,[220]新北市板橋區華翠里12鄰莒光路163號
私立,板橋區,65000010,新北市私立寶貝媽咪幼兒園,(02)82529955,220,[220]新北市板橋區忠翠里22鄰莊敬路46號2樓之2
私立,板橋區,65000010,新北市私立悅嘉幼兒園,(02)82586747,220,[220]新北市板橋區忠翠里20鄰雙十路二段149號2樓
私立,板橋區,65000010,新北市私立艾法薇爾幼兒園,(02)82511545,220,[220]新北市板橋區忠翠里21鄰雙十路二段85號1樓及87號1樓、87號2樓
私立,板橋區,65000010,新北市私立寶貝媽咪資優幼兒園,(02)82529955#31,220,[220]新北市板橋區忠翠里22鄰莊敬路46號2樓之3
私立,板橋區,65000010,新北市私立卡爾斯登幼兒園,(02)82532319,220,[220]新北市板橋區忠翠里22鄰莊敬路42號1樓、2樓及3樓
私立,板橋區,65000010,新北市私立心世紀幼兒園,(02)82512771,220,[220]新北市板橋區忠翠里24鄰雙十路二段213號3樓
私立,板橋區,65000010,新北市私立若仁幼兒園,(02)22576817,220,[220]新北市板橋區忠翠里22鄰莊敬路46號3樓
私立,板橋區,65000010,新北市私立發現小熊森林幼兒園,(02)22548040,220,[220]新北市板橋區忠翠里25鄰文化路二段182巷1弄12號3樓之1
私立,板橋區,65000010,新北市私立康園幼兒園,(02)82586586,220,[220]新北市板橋區嵐翠里10鄰文聖街89巷17號2樓、19號3樓
私立,板橋區,65000010,新北市私立巧可麗巧宇幼兒園,(02)22545050,220,[220]新北市板橋區嵐翠里10鄰文聖街73號2樓
私立,板橋區,65000010,新北市私立板橋育安幼兒園,(02)22553493,220,[220]新北市板橋區文翠里8鄰文化路二段548巷29號1樓及2樓
公立,板橋區,65000010,新北市立板橋幼兒園新民分班,(02)22558468,220,[220]新北市板橋區福翠里3鄰懷德街235巷2號
私立,板橋區,65000010,新北市私立板橋大華幼兒園,(02)29589140,220,[220]新北市板橋區港嘴里16鄰三民路一段1巷24號、26號及32號
私立,板橋區,65000010,陽光森林文教股份有限公司臺北縣分公司附設新北市私立陽光小子幼兒園,(02)29555576,220,[220]新北市板橋區福壽里11鄰三民路二段215號1、2樓
私立,板橋區,65000010,新北市私立優貝兒幼兒園,(02)66377989,220,[220]新北市板橋區福壽里1鄰三民路二段正隆巷61號、63號及65號1樓
私立,板橋區,65000010,新北市私立正隆幼兒園,(02)29594837,220,[220]新北市板橋區福壽里4鄰三民路二段204之17號及204之18號1樓
私立,板橋區,65000010,新北市私立國儷幼兒園,(02)29540804,220,[220]新北市板橋區福壽里10鄰三民路二段245巷62號1樓、2樓及3樓
準公共,板橋區,65000010,新北市私立小康幼兒園,(02)29512112,220,[220]新北市板橋區海山里7鄰長安街138巷7弄36、38號1、2樓
準公共,板橋區,65000010,新北市私立愛森堡幼兒園,(02)29638510,220,[220]新北市板橋區玉光里9鄰永豐街59號1樓、2樓及3樓
準公共,板橋區,65000010,新北市私立全能愛彌兒板橋幼兒園,(02)29541585,220,[220]新北市板橋區玉光里21鄰中山路二段89巷6弄9號1樓及2樓、永豐街43號3樓
準公共,板橋區,65000010,新北市私立全能愛彌兒板橋幼兒園永豐分班,(02)29541585,220,[220]新北市板橋區玉光里5鄰永豐街43號1樓及2樓、43之1號1樓、41號1樓
準公共,板橋區,65000010,新北市私立遠東幼兒園,(02)29541784,220,[220]新北市板橋區光仁里13鄰成功路33號1樓
公立,板橋區,65000010,新北市板橋區埔墘國民小學附設幼兒園,(02)29616690#282,220,[220]新北市板橋區光仁里14鄰永豐街42之8號
私立,板橋區,65000010,新北市私立蘇格拉底幼兒園,(02)82585511,220,[220]新北市板橋區埤墘里2鄰莒光路211號2、3樓
私立,板橋區,65000010,新北市私立幼菁幼兒園,(02)22538670,220,[220]新北市板橋區埤墘里3鄰莒光路196巷28號及180巷40號
準公共,板橋區,65000010,新北市私立雙成幼兒園,(02)22535056,220,[220]新北市板橋區永安里7鄰縣民大道三段133巷22號1樓
準公共,板橋區,65000010,新北市私立新雙成幼兒園,(02)22575107,220,[220]新北市板橋區永安里10鄰萬板路190號1樓及1樓之1
私立,板橋區,65000010,新北市私立喬一幼兒園,(02)89513738,220,[220]新北市板橋區雙玉里1鄰三民路一段120號2樓、122號2樓及126號2樓
私立,板橋區,65000010,新北市私立文堡幼兒園,(02)29632550,220,[220]新北市板橋區廣新里18鄰永豐街122號1樓、120巷1號1樓、120巷3號1樓及120巷5號1樓、2樓、3樓
準公共,板橋區,65000010,新北市私立慧晟幼兒園,(02)29513571,220,[220]新北市板橋區廣新里14鄰永豐街123號1樓、123之1號2樓及123之2號3樓
公立,板橋區,65000010,新北市板橋區海山國民小學附設幼兒園,(02)29545725#545,220,[220]新北市板橋區深丘里12鄰漢生東路280號
私立,板橋區,65000010,新北市私立艾法貝爾幼兒園,(02)29588860,220,[220]新北市板橋區深丘里7鄰區運路43號
私立,板橋區,65000010,財團法人台北市中華基督教青年會附設新北市私立板新幼兒園,(02)29637400,220,[220]新北市板橋區長安里2鄰板新路27號1、2、3樓
私立,板橋區,65000010,新北市私立漢東幼兒園,(02)89521219,220,[220]新北市板橋區長安里7鄰漢生東路175號1樓及2樓
私立,板橋區,65000010,新北市私立卡爾威特幼兒園,(02)89518905,220,[220]新北市板橋區長安里14鄰板新路101號2樓
私立,板橋區,65000010,新北市私立科見板橋幼兒園,(02)89517548,220,[220]新北市板橋區福丘里7鄰中山路一段69號2樓及3樓
非營利,板橋區,65000010,新北市政府板橋員工子女非營利幼兒園（委託財團法人台北基督教女青年會辦理）,(02)29603456#5207,220,[220]新北市板橋區福丘里13鄰中山路一段161號2樓西側
準公共,板橋區,65000010,新北市私立立信幼兒園,(02)29527172,220,[220]新北市板橋區福祿里12鄰國泰街75巷49、51、53號1樓
私立,板橋區,65000010,新北市私立幼暉幼兒園,(02)29621247,220,[220]新北市板橋區民族里20鄰民族路289巷2號1樓
私立,板橋區,65000010,新北市私立茁壯園板橋幼兒園,(02)29515202,220,[220]新北市板橋區民族里1鄰民族路87號2樓
私立,板橋區,65000010,新北市私立生活村幼兒園,(02)29646599,220,[220]新北市板橋區民族里16鄰漢生東路350號地下1層、2樓及3樓
公立,板橋區,65000010,新北市板橋區實踐國民小學附設幼兒園,(02)29531233#700,220,[220]新北市板橋區國泰里5鄰實踐路93巷51號
準公共,板橋區,65000010,新北市私立忠孝幼兒園,(02)29621696,220,[220]新北市板橋區福德里19鄰忠孝路忠義巷19弄9、11號
準公共,板橋區,65000010,新北市私立天愛幼兒園,(02)29598517,220,[220]新北市板橋區福德里4鄰光明街120號1樓及2樓
私立,板橋區,65000010,新北市私立喬幼光明幼兒園,(02)29637600,220,[220]新北市板橋區福星里8鄰光明街68號1樓、68之1號2樓
私立,板橋區,65000010,新北市私立喬幼幼兒園,(02)29637600,220,[220]新北市板橋區福星里8鄰光明街72號、72之1號、74號、74之1號
公立,板橋區,65000010,新北市板橋區後埔國民小學附設幼兒園,(02)29614142#862,220,[220]新北市板橋區福星里17鄰重慶路157號
公立,板橋區,65000010,新北市立忠孝國民中學附設幼兒園,(02)29631350#600,220,[220]新北市板橋區福星里33鄰重慶路168號
準公共,板橋區,65000010,新北市私立道安幼兒園,(02)29520475,220,[220]新北市板橋區鄉雲里14鄰大明街15巷15、17、19號1樓及15巷15號2樓、15巷17之1號2樓、15巷19之1號2樓
準公共,板橋區,65000010,新北市私立班尼迪克幼兒園,(02)89520738,220,[220]新北市板橋區廣德里3鄰重慶路245巷15號1樓、2樓及3樓
私立,板橋區,65000010,新北市私立愷僑幼兒園,(02)29614011,220,[220]新北市板橋區廣德里1鄰重慶路207號1樓及2樓
私立,板橋區,65000010,新北市私立育太幼兒園,(02)89538511,220,[220]新北市板橋區廣德里1鄰重慶路223巷7號1樓、2樓及3樓
準公共,板橋區,65000010,新北市私立鹿兒堡幼兒園,(02)29648439,220,[220]新北市板橋區廣德里2鄰重慶路269巷18號1樓
準公共,板橋區,65000010,新北市私立大業幼兒園,(02)29555614,220,[220]新北市板橋區大豐里9鄰重慶路278巷17號1樓
私立,板橋區,65000010,新北市私立大自然幼兒園,(02)29530831,220,[220]新北市板橋區大豐里12鄰忠孝路48巷2弄8號1樓
私立,板橋區,65000010,新北市私立菲蒙思幼兒園,(02)29564720,220,[220]新北市板橋區重慶里4鄰國慶路126巷1號及3號1樓
公立,板橋區,65000010,新北市立重慶國民中學附設幼兒園,(02)29543001#602,220,[220]新北市板橋區重慶里31鄰國慶路221號
私立,板橋區,65000010,新北市私立田園幼兒園,(02)29542929,220,[220]新北市板橋區廣福里4鄰信義路279巷19-2號、19-3號
公立,板橋區,65000010,新北市立板橋幼兒園和平分班,02-29646945,220,[220]新北市板橋區廣福里4鄰重慶路355號
準公共,板橋區,65000010,新北市私立薇吉妮亞幼兒園,(02)29649377,220,[220]新北市板橋區廣福里5鄰和平路6巷1號1至3樓
準公共,板橋區,65000010,新北市私立培揚幼兒園,(02)29535289,220,[220]新北市板橋區華興里14鄰貴興路62、64號1樓
準公共,板橋區,65000010,新北市私立小奈米幼兒園,(02)89664504,220,[220]新北市板橋區華德里12鄰四川路2段23之1、23之2、25之1、25之2號2、3樓
公立,板橋區,65000010,新北市板橋區信義國民小學附設幼兒園,(02)89667817#171,220,[220]新北市板橋區華德里23鄰四川路二段245巷60號
準公共,板橋區,65000010,新北市私立童苑幼兒園,(02)89666002,220,[220]新北市板橋區華東里29鄰南雅南路二段144巷57號1、2樓
準公共,板橋區,65000010,新北市私立聖路易幼兒園,(02)89666917,220,[220]新北市板橋區華東里6鄰南雅南路二段156號1樓、144巷5號1樓、144巷7號1樓、144巷3號2樓之3、144巷3號2樓之4
公立,板橋區,65000010,新北市板橋區大觀國民小學附設幼兒園,(02)29603373#880,220,[220]新北市板橋區浮洲里25鄰大觀路一段30號
非營利,板橋區,65000010,新北市大觀非營利幼兒園(委託社團法人新北市中華國際嬰幼兒發展學會辦理),(02)89650800,220,[220]新北市板橋區浮洲里25鄰僑中一街1號1樓
準公共,板橋區,65000010,新北市私立天藍幼兒園,(02)29692577,220,[220]新北市板橋區華中里12鄰僑中一街124巷3弄16號1樓
準公共,板橋區,65000010,新北市私立台大幼兒園,(02)29691212,220,[220]新北市板橋區華中里5鄰僑中一街80巷7弄1號1樓、1之1號2樓
準公共,板橋區,65000010,新北市私立興名陽幼兒園,(02)29606016,220,[220]新北市板橋區僑中里2鄰僑中二街102巷37號1樓及2樓
公立,板橋區,65000010,新北市板橋區中山國民小學附設幼兒園,(02)22755313#181,220,[220]新北市板橋區中山里21鄰大觀路二段59巷31號
私立,板橋區,65000010,新北市私立大安幼兒園,(02)22752451,220,[220]新北市板橋區大安里12鄰大觀路二段59巷29號1樓
私立,板橋區,65000010,新北市私立布查花園幼兒園,(02)29688911,220,[220]新北市板橋區福安里22鄰樂群路38、40號1樓及夾層
私立,板橋區,65000010,新北市私立恬馨幼兒園,(02)26828878,220,[220]新北市板橋區崑崙里13鄰篤行路二段67巷5號1樓、77巷3號1樓及2樓
私立,板橋區,65000010,新北市私立吉智幼兒園,(02)26822201,220,[220]新北市板橋區崑崙里3鄰存德街20號1樓、2樓、3樓、存德街20之1號1樓及2樓
公立,板橋區,65000010,新北市立溪崑國民中學附設幼兒園,(02)26869727#500,220,[220]新北市板橋區崑崙里23鄰大觀路三段50巷30號
公立,板橋區,65000010,新北市板橋區沙崙國民小學附設幼兒園,(02)26812764#851,220,[220]新北市板橋區溪北里18鄰篤行路二段132號
準公共,板橋區,65000010,新北市私立板橋天翔幼兒園,(02)29664630,220,[220]新北市板橋區香雅里11鄰南雅西路二段253之1號1樓及2樓
私立,板橋區,65000010,新北市私立幼華幼兒園,(02)22720200,220,[220]新北市板橋區香雅里4鄰大仁街68號
私立,板橋區,65000010,新北市私立莒光幼兒園,(02)22522821,220,[220]新北市板橋區文化里15鄰松江街60巷9號及11號1樓
公立,板橋區,65000010,新北市立江翠國民中學附設幼兒園,(02)22518007#280,220,[220]新北市板橋區文化里8鄰松江街63-2號
非營利,板橋區,65000010,新北市翠中非營利幼兒園(委託財團法人三之三生命教育基金會辦理),(02)22550302,220,[220]新北市板橋區文化里8鄰松江街63號
準公共,板橋區,65000010,新北市私立緹家寶幼兒園,(02)22512872,220,[220]新北市板橋區新海里2鄰新海路416號1、2、3樓
公立,板橋區,65000010,新北市立新埔國民中學附設幼兒園,(02)22572275#288,220,[220]新北市板橋區新海里1鄰新海路181號
私立,板橋區,65000010,新北市私立嘉穎幼兒園,(02)22590745,220,[220]新北市板橋區莒光里8鄰文化路二段92號1樓、92號2樓、92之1號1樓
私立,板橋區,65000010,新北市私立嘉盛幼兒園,(02)89533958,220,[220]新北市板橋區後埔里11鄰實踐路76號2樓、3樓
準公共,板橋區,65000010,新北市私立優兒幼兒園,(02)29627559,220,[220]新北市板橋區後埔里7鄰成都街103號1樓
準公共,板橋區,65000010,新北市私立精緻之家幼兒園,(02)29598787,220,[220]新北市板橋區後埔里5鄰重慶路91巷12號及14號1樓、2樓
準公共,板橋區,65000010,新北市私立菩提幼兒園,(02)26842525,220,[220]新北市板橋區堂春里17鄰金門街251號1樓及2樓
私立,板橋區,65000010,新北市私立皇家貴族幼兒園,(02)86871357,220,[220]新北市板橋區堂春里19鄰金門街215巷10號、14號
私立,板橋區,65000010,新北市私立漂亮寶貝幼兒園,(02)26876767,220,[220]新北市板橋區成和里16鄰金門街215巷21號、25號及29號
準公共,板橋區,65000010,新北市私立智翔幼兒園,(02)22596441,220,[220]新北市板橋區陽明里4鄰陽明街134號及136號1樓、2樓
準公共,板橋區,65000010,新北市私立靜立幼兒園,(02)22568628,220,[220]新北市板橋區朝陽里1鄰四維路289巷38號、40號及42號
公立,板橋區,65000010,新北市板橋區文聖國民小學附設幼兒園,(02)22530782#628,220,[220]新北市板橋區松柏里5鄰文聖街86號
私立,板橋區,65000010,新北市私立凱思莉幼兒園,(02)82521364,220,[220]新北市板橋區文聖里8鄰文聖街137號1樓、夾層、b1
私立,板橋區,65000010,新北市私立圓心坊幼兒園,(02)82523737,220,[220]新北市板橋區文聖里16鄰大同街57號1樓
準公共,板橋區,65000010,新北市私立心耶魯幼兒園,(02)22520462,220,[220]新北市板橋區文聖里15鄰文聖街149巷6號1樓
準公共,板橋區,65000010,新北市私立鴻園幼兒園,(02)66375979,220,[220]新北市板橋區東安里2鄰長安街331巷77、79號1、2樓
公立,板橋區,65000010,新北市板橋區重慶國民小學附設幼兒園,(02)29565592#501,220,[220]新北市板橋區五權里1鄰廣和街31號
私立,板橋區,65000010,新北市私立芯宇幼兒園,(02)26758864,220,[220]新北市板橋區溪福里33鄰篤行路三段玉平巷101號1樓
私立,板橋區,65000010,新北市私立永錡板橋幼兒園,(02)26758622,220,[220]新北市板橋區溪福里34鄰金門街358巷14號1樓、358巷16號1樓及2樓、372巷32號1樓及2樓、372巷34號1樓及2樓
私立,板橋區,65000010,新北市私立藍天幼兒園,(02)26855172,220,[220]新北市板橋區溪福里39鄰金門街369巷57弄19、21、23、25號1樓
準公共,板橋區,65000010,新北市私立欣勵德幼兒園,(02)26878741,220,[220]新北市板橋區溪福里5鄰篤行路二段161巷18號1樓
公立,板橋區,65000010,新北市板橋區溪洲國民小學附設幼兒園,(02)26867705#83,220,[220]新北市板橋區溪福里19鄰金門街289號
公立,三重區,65000020,新北市三重區二重國民小學附設幼兒園,(02)29846446#190,241,[241]新北市三重區二重里14鄰大有街10號
私立,三重區,65000020,新北市私立育林幼兒園,(02)29811051,241,[241]新北市三重區二重里8鄰頂崁街187巷4號、6號1樓
準公共,三重區,65000020,新北市私立新二重幼兒園,(02)89815751,241,[241]新北市三重區二重里1鄰忠孝路三段93巷6號2樓
私立,三重區,65000020,新北市私立長頸鹿吉凱幼兒園,(02)85121800,241,[241]新北市三重區谷王里1鄰興德路100號1~2樓
私立,三重區,65000020,新北市私立勁寶兒喜星園幼兒園,(02)89729002,241,"[241]新北市三重區成功里19鄰成功路28號1,2樓"
私立,三重區,65000020,新北市私立喜星園幼兒園,(02)89729002,241,[241]新北市三重區成功里19鄰成功路22號2樓之1
準公共,三重區,65000020,新北市私立愛箂兒幼兒園,(02)29778696,241,[241]新北市三重區福祉里8鄰集美街121號1樓及2樓、119號2樓、成功路73巷35號2樓
私立,三重區,65000020,品哲文化股份有限公司附設新北市私立英群幼兒園,(02)29728080,241,[241]新北市三重區福祉里20鄰水漾路一段126號
私立,三重區,65000020,新北市私立吉德幼兒園,(02)29771397,241,[241]新北市三重區福民里11鄰新興路30號及32號1樓、2樓
私立,三重區,65000020,新北市私立探索幼兒園,(02)89811737#11,241,[241]新北市三重區過田里26鄰重新路四段57號1樓
公立,三重區,65000020,新北市立三重幼兒園,(02)89838241,241,[241]新北市三重區過田里4鄰新北大道一段9號3樓
私立,三重區,65000020,新北市私立大全幼兒園,(02)29862497,241,[241]新北市三重區重明里17鄰重陽路一段26巷37號、39號1樓
私立,三重區,65000020,新北市私立富群幼兒園,(02)29703228,241,[241]新北市三重區重明里11鄰捷運路43號1、2、3樓
準公共,三重區,65000020,新北市私立華納幼兒園,(02)89826868,241,[241]新北市三重區光田里25鄰新北大道一段115號1、2樓
準公共,三重區,65000020,新北市私立金吉邇幼兒園,(02)8981-2079,241,[241]新北市三重區田心里31鄰洛陽街55巷16號
準公共,三重區,65000020,新北市私立重愛幼兒園三民分班,(02)29783188,241,[241]新北市三重區福田里1鄰三民街206之2號2樓
公立,三重區,65000020,新北市立二重國民中學附設幼兒園,(02)29800164,241,[241]新北市三重區福田里1鄰忠孝路三段89號
私立,三重區,65000020,新北市私立象寶園幼兒園,(02)89818593,241,"[241]新北市三重區田中里5鄰忠孝路三段40巷59號1,2,3樓"
準公共,三重區,65000020,新北市私立重愛幼兒園,(02)29776688,241,[241]新北市三重區田中里10鄰忠孝路三段40巷1之1號1、2樓
私立,三重區,65000020,新北市私立茱莉亞園幼兒園,(02)29850500,241,[241]新北市三重區田中里4鄰三民路175巷25號1-2樓、27號1-3樓、重陽路2段52巷83弄4號1樓、6號1-3樓
私立,三重區,65000020,新北市私立來來幼兒園,(02)29893961,241,[241]新北市三重區田安里4鄰新北大道一段100巷11號1、2樓，13號1樓，15號1樓，17號2、3樓
私立,三重區,65000020,新北市私立天鵝園幼兒園,(02)29711973,241,[241]新北市三重區三民里5鄰中正北路118巷3號1樓
準公共,三重區,65000020,新北市私立徠安幼兒園,(02)29776789,241,[241]新北市三重區光明里13鄰重安街12號1、2樓
公立,三重區,65000020,新北市立三重高級中學附設幼兒園,(02)29760501#410,241,[241]新北市三重區光明里19鄰集美街212號
私立,三重區,65000020,新北市私立學仕幼兒園,(02)29747878,241,[241]新北市三重區光明里13鄰重新路三段202、204號2樓、3樓
私立,三重區,65000020,新北市私立艾美樂幼兒園,(02)29753317,241,[241]新北市三重區光明里28鄰集美街112巷9號1樓、2樓、11號1樓
公立,三重區,65000020,新北市三重區集美國民小學附設幼兒園,(02)89725390#150,241,[241]新北市三重區光明里25鄰集美街10號
公立,三重區,65000020,新北市三重區三光國民小學附設幼兒園,(02)29753308#671,241,[241]新北市三重區同安里16鄰大同南路157號
私立,三重區,65000020,新北市私立上綸幼兒園,(02)89723282,241,[241]新北市三重區忠孝里19鄰正義南路105巷13號1樓
準公共,三重區,65000020,新北市私立子禕天地幼兒園,(02)29736113,241,[241]新北市三重區忠孝里5鄰光興街2號1、2樓
公立,三重區,65000020,新北市三重區光興國民小學附設幼兒園,(02)29755352#170,241,[241]新北市三重區光輝里14鄰正義南路62號
私立,三重區,65000020,財團法人天主教會台北教區附設新北市私立母心幼兒園,(02)29711193,241,[241]新北市三重區大園里5鄰大同北路115巷3號1樓
公立,三重區,65000020,新北市立明志國民中學附設幼兒園,(02)29844132#369,241,[241]新北市三重區重陽里15鄰中正北路107號
公立,三重區,65000020,新北市三重區修德國民小學附設幼兒園,(02)29800495#601,241,[241]新北市三重區民生里18鄰重陽路三段3號
公立,三重區,65000020,新北市三重區正義國民小學附設幼兒園,(02)29853138#1090,241,[241]新北市三重區正義里1鄰信義西街31號
私立,三重區,65000020,新北市私立重新幼兒園,(02)29854162,241,[241]新北市三重區文化里14鄰重新路二段21號2樓
私立,三重區,65000020,新北市私立鼎群幼兒園,(02)29706018,241,[241]新北市三重區光華里12鄰福德北路50號1樓
私立,三重區,65000020,新北市私立班博士幼兒園,(02)29725412,241,[241]新北市三重區大德里10鄰三和路1段48號1、2樓、50號1、2樓
準公共,三重區,65000020,新北市私立艾力克幼兒園,(02)29783755,241,[241]新北市三重區長元里6鄰三和路2段37號3樓
私立,三重區,65000020,新北市私立華兒園精緻幼兒園,(02)29761536,241,[241]新北市三重區長泰里17鄰三和路二段75號2樓
私立,三重區,65000020,新北市私立甜甜幼兒園,(02)29729876,241,[241]新北市三重區奕壽里6鄰三和路三段83巷1、3、5、7號1樓及9號1~2樓
公立,三重區,65000020,新北市三重區三重國民小學附設幼兒園,(02)29722095#180,241,[241]新北市三重區奕壽里2鄰三和路3段1號
公立,三重區,65000020,新北市三重區光榮國民小學附設幼兒園,(02)29730392#700,241,[241]新北市三重區奕壽里1鄰介壽路32號
公立,三重區,65000020,新北市立光榮國民中學附設幼兒園,(02)29780211,241,[241]新北市三重區奕壽里1鄰介壽路26號
私立,三重區,65000020,新北市私立英嘉幼兒園,(02)29822666,241,[241]新北市三重區三安里11鄰三和路三段16巷2、4、6、8號1樓
私立,三重區,65000020,新北市私立丹力幼兒園,(02)89883300,241,[241]新北市三重區幸福里32鄰重陽路3段154號1樓、152號2樓
私立,三重區,65000020,新北市私立吉的堡英資幼兒園,(02)29855548,241,[241]新北市三重區六合里1鄰重陽路4段24號、26號、28號1~3樓
準公共,三重區,65000020,新北市私立三重忠孝幼兒園,(02)29894383,241,[241]新北市三重區六福里10鄰中正北路145巷6弄1號
公立,三重區,65000020,新北市三重區重陽國民小學附設幼兒園,(02)29826272#320,241,[241]新北市三重區六福里16鄰中正北路113號
私立,三重區,65000020,新北市私立東光幼兒園,(02)29732617,241,[241]新北市三重區承德里16鄰仁壽街200號
公立,三重區,65000020,新北市立三重幼兒園崇德分班,(02)29725078,241,[241]新北市三重區崇德里17鄰仁孝街62號1樓
私立,三重區,65000020,新北市私立幼苗國際幼兒園,(02)89814080,241,"[241]新北市三重區培德里19鄰中正北路165巷2號1樓,2樓,3樓"
公立,三重區,65000020,新北市立三和國民中學附設幼兒園,(02)22879890#777,241,[241]新北市三重區永盛里15鄰三和路四段216號
公立,三重區,65000020,新北市三重區永福國民小學附設幼兒園,(02)22876716#891,241,[241]新北市三重區永福里22鄰永福街66號
準公共,三重區,65000020,新北市私立兒童天地幼兒園,(02)22865791,241,[241]新北市三重區永福里6鄰力行路2段162巷3號1、2樓
私立,三重區,65000020,新北市私立新永福幼兒園,(02)22869049,241,[241]新北市三重區永福里11鄰力行路2段136巷23弄20號2樓及22、24、26號1、2樓
私立,三重區,65000020,新北市私立安尼爾幼兒園,(02)89817555,241,[241]新北市三重區溪美里22鄰仁政街111、113號1樓
私立,三重區,65000020,新北市私立蘋果樹仁政幼兒園,(02)29850518,241,[241]新北市三重區溪美里5鄰仁政街76巷6、8、10、12號各1樓及6號2樓、12號2樓
私立,三重區,65000020,新北市私立啟文幼兒園,(02)22877049,241,"[241]新北市三重區福隆里18鄰溪尾街106號1,2,3樓"
私立,三重區,65000020,新北市私立新碧華幼兒園,(02)29896058,241,[241]新北市三重區慈祐里11鄰分子尾街32號1樓
私立,三重區,65000020,新北市私立藤井樹幼兒園,(02)29818500,241,[241]新北市三重區慈祐里25鄰五華街122巷3號(門牌整編含5號)1樓
私立,三重區,65000020,新北市私立新學林幼兒園,(02)28575598,241,[241]新北市三重區五華里3鄰仁義街307號1、2樓
準公共,三重區,65000020,新北市私立威妮斯特堡幼兒園,(02)28572999,241,[241]新北市三重區富貴里22鄰五華街161號1、2樓
私立,三重區,65000020,新北市私立惠文幼兒園,(02)28570626#101,241,[241]新北市三重區富貴里18鄰五華街149號1樓
私立,三重區,65000020,新北市私立惠文兒童領袖幼兒園,(02)28570626,241,[241]新北市三重區富貴里24鄰五華街207號1、2、3樓
公立,三重區,65000020,新北市三重區五華國民小學附設幼兒園,(02)28575431,241,[241]新北市三重區富貴里21鄰集賢路89號
公立,三重區,65000020,新北市立碧華國民中學附設幼兒園,(02)29851121#600,241,[241]新北市三重區富貴里32鄰三信路166號
私立,三重區,65000020,新北市私立翊華三重國際幼兒園,(02)28572045,241,[241]新北市三重區富貴里32鄰集賢路181號
私立,三重區,65000020,新北市私立加州森林國際幼兒園,(02)28579000,241,[241]新北市三重區富貴里32鄰三信路100號1樓、2樓、3樓
非營利,三重區,65000020,新北市碧城非營利幼兒園(委託財團法人仁德醫護管理專科學校辦理),(02)28577058,241,[241]新北市三重區富貴里32鄰三信路166號1、2、3樓
公立,三重區,65000020,新北市三重區碧華國民小學附設幼兒園,(02)28577792#800,241,[241]新北市三重區富福里20鄰五華街160號
準公共,三重區,65000020,新北市私立宜德幼兒園,(02)29800352,241,[241]新北市三重區富福里2鄰仁愛街445巷35、37、39、41號1樓
私立,三重區,65000020,新北市私立邦仁幼兒園,(02)28575786,241,[241]新北市三重區碧華里10鄰溪尾街328號1、2樓
準公共,三重區,65000020,新北市私立肯妮斯幼兒園,(02)28579988,241,[241]新北市三重區碧華里14鄰三信路7號1、2樓及9號2樓
私立,三重區,65000020,新北市私立新寰宇國際幼兒園,(02)2857-8081,241,[241]新北市三重區碧華里7鄰集仁街81號1、2、3樓
公立,三重區,65000020,新北市三重區興穀國民小學附設幼兒園,(02)29990725#150,241,[241]新北市三重區五谷里7鄰神農街101號
私立,三重區,65000020,新北市私立宥寶幼兒園,(02)22802567,241,[241]新北市三重區永豐里9鄰下竹圍街93巷1、3號1樓
私立,三重區,65000020,新北市私立喬大幼兒園,(02)29899921,241,[241]新北市三重區立德里14鄰力行路1段179巷10號1樓、2樓
公立,三重區,65000020,新北市三重區厚德國民小學附設幼兒園,(02)29868825#52,241,[241]新北市三重區立德里4鄰忠孝路一段70號1樓
準公共,三重區,65000020,新北市私立強森園幼兒園,(02)89814131,241,"[241]新北市三重區立德里19鄰三張街149巷16號1,2樓"
私立,三重區,65000020,新北市私立三和幼兒園,(02)22809318,241,[241]新北市三重區福樂里8鄰三和路4段123號1、2、3樓
私立,三重區,65000020,新北市私立邦喬妮幼兒園,(02)29831314,241,"[241]新北市三重區五順里23鄰五華街21巷3號1樓,5樓1樓"
私立,三重區,65000020,新北市私立夏綠蒂幼兒園,(02)29863649,241,[241]新北市三重區五順里25鄰五華街21巷15號1、2、3樓及13號2、3樓
準公共,三重區,65000020,新北市私立仁慈幼兒園,(02)89882711,241,"[241]新北市三重區五順里25鄰五華街21巷39號1,2樓"
準公共,三重區,65000020,新北市私立復國幼兒園,(02)29883299,241,[241]新北市三重區五順里30鄰仁義街211巷3、5號
私立,中和區,65000030,新北市私立安安堡幼兒園,(02)22408376,235,"[235]新北市中和區中原里1鄰橋和路298號1,2樓"
公立,中和區,65000030,新北市中和區光復國民小學附設幼兒園,(02)32348654#265,235,[235]新北市中和區中原里7鄰光環路2段1號
準公共,中和區,65000030,新北市私立慈德幼兒園,(02)22227098,235,[235]新北市中和區中原里12鄰立德街30號1、2、3樓
準公共,中和區,65000030,新北市私立普林斯頓幼兒園,(02)82212186,235,[235]新北市中和區平河里51鄰中正路839巷31號
私立,中和區,65000030,新北市私立底格里思幼兒園,(02)82266588,235,[235]新北市中和區平河里62鄰中正路675號1~2樓
私立,中和區,65000030,新北市私立小博士幼兒園,(02)22287342,235,"[235]新北市中和區平河里2鄰中正路792號1,2,3樓,800號2樓之3"
準公共,中和區,65000030,新北市私立慈祐幼兒園,(02)22227028,235,[235]新北市中和區平河里4鄰建三路12號
準公共,中和區,65000030,新北市私立勝利幼兒園,(02)22229810,235,[235]新北市中和區信和里10鄰新生街186巷5弄13號
私立,中和區,65000030,新北市私立育心寶貝幼兒園,(02)22229322,235,[235]新北市中和區中正里12鄰連城路389巷11號1樓
非營利,中和區,65000030,國防部陸軍司令部前鋒員工子女非營利幼兒園（委託社團法人中華音樂舞蹈暨表演藝術教育協會辦理）,(02)22467676,235,[235]新北市中和區連和里15鄰連城路152號1樓
私立,中和區,65000030,新北市私立成真幼兒園,(02)82451215,235,[235]新北市中和區力行里18鄰圓通路160號2樓
私立,中和區,65000030,南山學校財團法人新北市南山高級中學附設私立員工幼兒園,(02)22453000#411,235,[235]新北市中和區枋寮里19鄰廣福路41號1樓
公立,中和區,65000030,新北市立漳和國民中學附設幼兒園,(02)22488616#252,235,[235]新北市中和區枋寮里19鄰廣福路39號
私立,中和區,65000030,新北市私立育才幼兒園,(02)22463876,235,[235]新北市中和區漳和里9鄰景新街48號1、2樓及2樓之1
公立,中和區,65000030,新北市中和區中和國民小學附設幼兒園,(02)22492550#280,235,[235]新北市中和區漳和里3鄰中和路100號
私立,中和區,65000030,新北市私立實踐幼兒園,(02)22471488,235,[235]新北市中和區福真里32鄰中山路2段312巷45弄9號、11號、13號、35號、37號1樓
私立,中和區,65000030,新北市私立實踐菁英幼兒園,(02)22475433,235,[235]新北市中和區福真里38鄰中山路2段332巷76號1樓
非營利,中和區,65000030,新北市山北非營利幼兒園（委託財團法人三之三生命教育基金會辦理）,(02)2246-8097,235,[235]新北市中和區福美里7鄰莊敬路49巷29弄2號2-3樓
私立,中和區,65000030,新北市私立巨星幼兒園,(02)82455738,235,[235]新北市中和區瓦窯里21鄰光華街100號、102號及106號1樓
私立,中和區,65000030,新北市私立嘉煌幼兒園,(02)22446566,235,[235]新北市中和區瓦窯里1鄰中山路2段63、65號各1、2、3樓
私立,中和區,65000030,新北市私立白兔幼兒園,(02)22439923,235,"[235]新北市中和區佳和里19鄰中山路二段2巷77,79號"
私立,中和區,65000030,新北市私立謙禧幼兒園,(02)22493787,235,[235]新北市中和區佳和里10鄰中山路二段64巷12弄1號1樓
非營利,中和區,65000030,新北市佳和非營利幼兒園(委託康寧學校財團法人康寧大學辦理),(02)22451106,235,[235]新北市中和區佳和里8鄰中山路二段64巷9之1號
私立,中和區,65000030,新北市私立春池幼兒園,(02)32338909#115,235,[235]新北市中和區安樂里29鄰宜安路118巷2號1樓及112號2樓、2樓之1、2樓之2、2樓之3
準公共,中和區,65000030,新北市私立弘儒幼兒園,(02)29435789,235,[235]新北市中和區安樂里16鄰宜安路56之1號1樓
私立,中和區,65000030,新北市私立嘉嘉幼兒園,(02)86608026,235,[235]新北市中和區安平里39鄰中安街188號1~2樓
私立,中和區,65000030,新北市私立新天地國際蒙特梭利幼兒園,(02)29477317,235,[235]新北市中和區泰安里42鄰景安路49號1、2樓
私立,中和區,65000030,新北市私立日光幼兒園,(02)22462222,235,[235]新北市中和區新南里25鄰中正路80號2樓之1
私立,中和區,65000030,新北市私立巧可麗巧新幼兒園,(02)82453686,235,[235]新北市中和區新南里37鄰景平路509號1、2樓
準公共,中和區,65000030,新北市私立安特幼兒園,(02)22477523,235,[235]新北市中和區新南里40鄰景平路431巷1號1樓、3號1~2樓
私立,中和區,65000030,新北市私立華登幼兒園,(02)22421568,235,[235]新北市中和區新南里37鄰景平路505號1樓及505之1號2樓
職場互助,中和區,65000030,內政部國土管理署北區都市基礎工程分署職場互助教保服務中心(委託社團法人中華音樂舞蹈暨表演藝術教育協會辦理),(02)22438282,235,[235]新北市中和區新南里19鄰南山路60之2號
公立,中和區,65000030,新北市中和區秀山國民小學附設幼兒園,(02)29434353#870,235,[235]新北市中和區秀山里1鄰立人街2號
準公共,中和區,65000030,新北市私立忠合幼兒園,(02)29444892,235,[235]新北市中和區秀福里4鄰秀朗路3段10巷14弄110號
準公共,中和區,65000030,新北市私立芫銘幼兒園,(02)29460022,235,[235]新北市中和區秀明里10鄰大勇街25巷29弄4號1樓
私立,中和區,65000030,新北市私立宏仁蒙特梭利幼兒園,(02)29409966,235,[235]新北市中和區秀峰里11鄰景德街13號1樓
私立,中和區,65000030,財團法人新北市私立竹林高級中學附設新北市私立竹林幼兒園,(02)29469271,235,[235]新北市中和區華新里27鄰華新街143巷12之1號1、2樓
私立,中和區,65000030,新北市私立迪仕尼幼兒園,(02)29416544,235,[235]新北市中和區東南里16鄰忠孝街57號1樓、57之1號1樓
公立,中和區,65000030,新北市立中和幼兒園飛駝分班,(02)29409056,235,[235]新北市中和區華南里9鄰忠孝街48號
公立,中和區,65000030,新北市中和區興南國民小學附設幼兒園,(02)29422349#870,235,[235]新北市中和區忠孝里27鄰興南路1段135巷24號
公立,中和區,65000030,新北市立中和國民中學附設幼兒園,(02)29422270#295,235,[235]新北市中和區忠孝里11鄰興南路二段三巷十七號
私立,中和區,65000030,新北市私立景光幼兒園,(02)29427833,235,"[235]新北市中和區景南里5鄰景新街467巷35弄16,18號各1樓"
公立,中和區,65000030,新北市中和區景新國民小學附設幼兒園,(02)29448021#860861862,235,[235]新北市中和區景南里31鄰景新街467巷37號
私立,中和區,65000030,新北市私立格林幼兒園,(02)29470979,235,[235]新北市中和區壽南里18鄰興南路一段117巷1弄1及3號1樓、107號1樓、107-1號2樓、109號1樓、109-1號2樓
準公共,中和區,65000030,新北市私立泡泡龍幼兒園,(02)29406245,235,[235]新北市中和區外南里21鄰復興路55號1樓、2樓
公立,中和區,65000030,新北市立中和幼兒園,(02)89423942,235,[235]新北市中和區外南里2鄰南山路236號3樓
私立,中和區,65000030,新北市私立兆元幼兒園,0966123177,235,[235]新北市中和區復興里38鄰中和市復興路280巷46弄3、4、5號
準公共,中和區,65000030,新北市私立辰修幼兒園,(02)2246-5115,235,[235]新北市中和區復興里31鄰復興路280巷3弄7號、9號
準公共,中和區,65000030,新北市私立布朗尼幼兒園,(02)22448900,235,[235]新北市中和區和興里31鄰中正路25號1~2樓、27號1~2樓、29號1~2樓、31號1~2樓
私立,中和區,65000030,新北市私立興南幼兒園,(02)89421996,235,[235]新北市中和區景平里26鄰景新街347號2樓
私立,中和區,65000030,新北市私立真理蒙特梭利幼兒園,(02)29495671,235,[235]新北市中和區景新里11鄰興南路一段34巷2號1、2、3樓
準公共,中和區,65000030,新北市私立景平幼兒園,(02)29431030,235,[235]新北市中和區景福里14鄰和平街54巷1弄4.6號
私立,中和區,65000030,新北市私立景新幼兒園,(02)29408146,235,[235]新北市中和區景安里44鄰景新街231之6號1樓
準公共,中和區,65000030,新北市私立創意蘋果幼兒園,(02)22460906,235,[235]新北市中和區錦和里2鄰圓通路367巷2號2樓
公立,中和區,65000030,新北市立中和幼兒園碧湖分班,(02)22478784,235,[235]新北市中和區錦昌里11鄰圓通路367巷15-1號1~3樓
私立,中和區,65000030,新北市私立弘恩幼兒園,(02)82218028,235,[235]新北市中和區積穗里12鄰員山路406號1~2樓
公立,中和區,65000030,新北市中和區積穗國民小學附設幼兒園,(02)32347679#11,235,[235]新北市中和區文元里1鄰員山路154號
非營利,中和區,65000030,新北市積穗非營利幼兒園(委託財團法人三之三生命教育基金會辦理),(02)32340533,235,[235]新北市中和區文元里35鄰民安街66號1、2樓
準公共,中和區,65000030,新北市私立佳南幼兒園,(02)22219996,235,[235]新北市中和區嘉新里11鄰民安街42巷32號
私立,中和區,65000030,新北市私立禾芮幼兒園,(02)22225300,235,[235]新北市中和區安穗里1鄰員山路320號1、2樓
準公共,中和區,65000030,新北市私立中仁幼兒園,(02)22221088,235,[235]新北市中和區明穗里12鄰民享街92巷19.21.23號1樓
公立,中和區,65000030,新北市立自強國民中學附設幼兒園,(02)22259469#850,235,[235]新北市中和區明穗里24鄰莒光路191號
私立,中和區,65000030,新北市私立民治園幼兒園,(02)22236161,235,"[235]新北市中和區明穗里27鄰民治街4號1樓,4-1號1樓"
準公共,中和區,65000030,新北市私立民德義泉幼兒園,(02)29628198,235,[235]新北市中和區清穗里4鄰民德路198號1、2、3樓
公立,中和區,65000030,新北市中和區自強國民小學附設幼兒園,(02)29557936#860,235,[235]新北市中和區自強里3鄰莒光路200號
準公共,中和區,65000030,新北市私立新時代幼兒園,(02)29585161,235,[235]新北市中和區德穗里16鄰莒光路120巷14號1~2樓、16號1~2樓
準公共,中和區,65000030,新北市私立時代幼兒園,(02)29585161,235,[235]新北市中和區德穗里15鄰莒光路84巷22號1樓、24號1樓
私立,中和區,65000030,新北市私立茁壯園中和幼兒園,(02)89513859,235,[235]新北市中和區民生里1鄰民生街8號1樓、2樓
準公共,中和區,65000030,新北市私立中和松柏幼兒園,(02)29522578,235,[235]新北市中和區國光里14鄰國光街112巷38號、40號、42號
準公共,中和區,65000030,新北市私立安欣幼兒園,(02)29530541,235,[235]新北市中和區壽德里27鄰民德路358號1樓
私立,中和區,65000030,新北市私立偉恩幼兒園,(02)29551153,235,[235]新北市中和區明德里21鄰華順街103巷1號
公立,中和區,65000030,新北市立中和幼兒園慈光分班,(02)29540289,235,[235]新北市中和區明德里11鄰民德路311號1樓
準公共,中和區,65000030,新北市私立華人幼兒園,(02)29416158,235,[235]新北市中和區秀水里11鄰大仁街10巷52號
準公共,中和區,65000030,新北市私立逸德幼兒園,(02)29460739,235,[235]新北市中和區宜安里11鄰宜安路26巷1號1樓
私立,中和區,65000030,新北市私立椰林幼兒園,(02)29489587,235,[235]新北市中和區安順里30鄰中和市安平路68號1樓及夾層
私立,中和區,65000030,新北市私立森堡幼兒園,(02)29496007,235,[235]新北市中和區安順里34鄰保健路123號1、2樓，125號1樓
私立,中和區,65000030,新北市私立永愛幼兒園,(02)29423775,235,[235]新北市中和區秀義里13鄰秀朗路三段128巷12弄7號
公立,中和區,65000030,新北市中和區復興國民小學附設幼兒園,(02)22472993#251,235,[235]新北市中和區中興里30鄰復興路301巷6號
私立,中和區,65000030,新北市私立福樂幼兒園,(02)22421777,235,[235]新北市中和區中興里18鄰中興街200號
準公共,中和區,65000030,新北市私立貝吉堡幼兒園,(02)22492208,235,[235]新北市中和區錦中里8鄰錦和路203巷1號、203巷1號2樓（門牌整編含201號、201之1號）
公立,中和區,65000030,新北市中和區錦和國民小學附設幼兒園,(02)22479495#250,235,[235]新北市中和區錦中里16鄰圓通路292號
準公共,中和區,65000030,新北市私立欣明幼兒園,(02)22471557,235,[235]新北市中和區錦中里18鄰圓通路294巷11弄4、6號
私立,中和區,65000030,新北市私立民治藝術幼兒園,(02)22232690,235,[235]新北市中和區民有里14鄰民治街4號2樓
私立,中和區,65000030,新北市私立連城幼兒園,(02)22259936,235,[235]新北市中和區嘉慶里15鄰連城路537號
準公共,中和區,65000030,新北市私立奧林匹克幼兒園,(02)22221800,235,[235]新北市中和區嘉慶里15鄰連城路533號2樓
準公共,永和區,65000040,新北市私立文揚幼兒園,(02)89253102,234,[234]新北市永和區福林里17鄰豫溪街162巷12號1、2樓
私立,永和區,65000040,新北市私立佳樂幼兒園,(02)29210336,234,[234]新北市永和區福林里22鄰福和路95號1樓至2樓
準公共,永和區,65000040,新北市私立宏幼幼兒園,(02)89282568,234,[234]新北市永和區福林里16鄰豫溪街160巷3號1樓
公立,永和區,65000040,新北市永和區頂溪國民小學附設幼兒園,(02)89790643#1107,234,[234]新北市永和區文化里9鄰文化路133號
私立,永和區,65000040,新北市私立野聲幼兒園,(02)29242925,234,[234]新北市永和區豫溪里11鄰豫溪街74巷7弄2號1樓至3樓、4號1樓至3樓
私立,永和區,65000040,新北市私立快樂瑪麗安葳森幼兒園,(02)29290012,234,[234]新北市永和區豫溪里15鄰竹林路176號3樓
私立,永和區,65000040,育才學校財團法人新北市私立育才國民小學附設幼兒園,(02)29214630#310,234,[234]新北市永和區永貞里2鄰福和路125巷20號
準公共,永和區,65000040,新北市私立永達幼兒園,(02)29228387,234,[234]新北市永和區永福里3鄰永貞路39巷9弄7號、9號
私立,永和區,65000040,新北市私立比弗利幼兒園,(02)29413876,234,[234]新北市永和區民治里2鄰中正路232號3樓、234號2、3樓
準公共,永和區,65000040,新北市私立荳荳幼兒園,(02)29239123,234,[234]新北市永和區永元里16鄰得和路249-1號
準公共,永和區,65000040,新北市私立淯馨幼兒園,(02)32334373,234,[234]新北市永和區秀林里1鄰秀朗路二段98號、100號
公立,永和區,65000040,新北市永和區永平國民小學附設幼兒園,(02)89217496#701,234,[234]新北市永和區保安里27鄰保生路25號
非營利,永和區,65000040,新北市育平非營利幼兒園（委託財團法人彭婉如文教基金會辦理）,(02)29267096,234,[234]新北市永和區保安里27鄰保生路25號1、2樓
私立,永和區,65000040,新北市私立永佳幼兒園,(02)29283312,234,[234]新北市永和區中溪里5鄰永平路218巷2號
準公共,永和區,65000040,新北市私立安迪生幼兒園,(02)89217855,234,[234]新北市永和區永安里6鄰永貞路228號1樓、2樓
公立,永和區,65000040,新北市立永和幼兒園,(02)29483199,234,[234]新北市永和區民族里12鄰民權路60號1樓至3樓
私立,永和區,65000040,新北市私立科見幼兒園,(02)29491375,234,[234]新北市永和區民權里1鄰民權路53號3樓之1
私立,永和區,65000040,新北市私立艾瑞克幼兒園,(02)89413800,234,[234]新北市永和區民權里7鄰民權路37號1樓
公立,永和區,65000040,新北市永和區秀朗國民小學附設幼兒園,(02)29420451#5701,234,[234]新北市永和區民權里1鄰得和路202號
私立,永和區,65000040,新北市私立秀明幼兒園,(02)29435335,234,[234]新北市永和區民權里2鄰民權路1巷24號、26號
私立,永和區,65000040,新北市私立小紅豆幼兒園,(02)82316878,234,[234]新北市永和區中興里14鄰竹林路66巷17之4號1樓至2樓
私立,永和區,65000040,財團法人新北市私立竹林國民小學附設幼兒園,(02)29252401,234,[234]新北市永和區勵行里16鄰竹林路34號
私立,永和區,65000040,新北市私立巧可麗幼兒園,(02)89235111,234,[234]新北市永和區勵行里16鄰竹林路30號之1及竹林路32巷6號
準公共,永和區,65000040,新北市私立喬合幼兒園,(02)29214668,234,[234]新北市永和區秀成里9鄰成功路一段93巷13弄39號1樓至2樓
私立,永和區,65000040,新北市私立培賢幼兒園,(02)89285035,234,[234]新北市永和區竹林里6鄰竹林路179巷25號1樓
私立,永和區,65000040,新北市私立七賢幼兒園,(02)89277171,234,[234]新北市永和區竹林里1鄰竹林路119巷10弄6號
準公共,永和區,65000040,新北市私立微笑太陽幼兒園,(02)29216210,234,[234]新北市永和區雙和里13鄰中和路305巷10弄1.3號
私立,永和區,65000040,新北市私立喬幼國際幼兒園,(02-)29241528,234,[234]新北市永和區雙和里4鄰中和路435號1-2樓
私立,永和區,65000040,新北市私立藍天永和幼兒園,(02)29268677,234,[234]新北市永和區雙和里1鄰中和路375號3樓
準公共,永和區,65000040,新北市私立嘉樂幼兒園,(02)29255484,234,[234]新北市永和區安和里10鄰中和路501巷17號
私立,永和區,65000040,新北市私立育圃幼兒園,(02)86606161,234,[234]新北市永和區安和里4鄰中和路483號2樓、2樓之1
私立,永和區,65000040,新北市私立奧爾仕幼兒園,(02)22314384,234,[234]新北市永和區水源里20鄰保平路203巷2號1樓至2樓
準公共,永和區,65000040,新北市私立翰尼永和幼兒園,(02)89218252,234,[234]新北市永和區協和里10鄰永平路51號2樓
公立,永和區,65000040,新北市立永和幼兒園忠孝分班,(02)29249440,234,[234]新北市永和區頂溪里7鄰忠孝街26巷8號1樓至2樓
私立,永和區,65000040,新北市私立巧可麗雙和幼兒園,(02)86605058,234,[234]新北市永和區潭墘里8鄰安樂路170號
公立,永和區,65000040,新北市永和區永和國民小學附設幼兒園,(02)29213160#600,234,[234]新北市永和區潭墘里20鄰秀朗路一段120號
私立,永和區,65000040,新北市私立幼學館幼兒園,(02)86601178,234,[234]新北市永和區潭安里12鄰中正路259號1樓、2樓
私立,永和區,65000040,新北市私立新新幼兒園,(02)29270916,234,[234]新北市永和區保平里17鄰保平路292巷36弄3、5號
私立,永和區,65000040,新北市私立新七賢幼兒園,(02)89287109,234,[234]新北市永和區復興里9鄰竹林路39巷17號1樓、2樓
公立,永和區,65000040,新北市立永和幼兒園博愛分班,(02)89252771,234,[234]新北市永和區復興里13鄰竹林路39巷35號1樓至3樓
私立,永和區,65000040,新北市私立巨堡幼兒園,(02)29208968,234,[234]新北市永和區福和里20鄰永寧街115巷1號及3號
私立,永和區,65000040,新北市私立新佳美幼兒園,(02)29218644,234,[234]新北市永和區得和里18鄰中正路412巷4弄8、10、12、14號
私立,永和區,65000040,新北市私立傳動幼兒園,(02)89231566,234,[234]新北市永和區得和里23鄰中正路344號1樓、2樓
私立,永和區,65000040,新北市私立民華幼兒園,(02)29489233,234,"[234]新北市永和區智光里2鄰民有街6號1,2樓"
公立,永和區,65000040,新北市立永和幼兒園保生分班,(02)29250276,234,[234]新北市永和區新生里18鄰新生路218號1樓、2樓
準公共,永和區,65000040,新北市私立中中幼兒園,(02)29218093,234,[234]新北市永和區和平里16鄰中山路一段191巷15弄8號、10號、12號
私立,永和區,65000040,財團法人新北市私立及人國民小學附設新北市私立幼兒園,(02)29213804,234,[234]新北市永和區新廍里6鄰文化路172號
私立,永和區,65000040,新北市私立新惠幼幼兒園,(02)29209603,234,[234]新北市永和區下溪里13鄰保安路252巷2號1.2樓
私立,永和區,65000040,新北市私立新惠幼幼兒園保安分班,(02)29209603,234,[234]新北市永和區下溪里13鄰保安路252巷3號1樓
準公共,永和區,65000040,新北市私立育苗幼兒園,(02)29273965,234,[234]新北市永和區秀和里2鄰林森路40巷6弄2號
公立,永和區,65000040,新北市立福和國民中學附設幼兒園,(02)29289493#300,234,[234]新北市永和區秀和里18鄰永利路71號
私立,永和區,65000040,新北市私立三暉幼兒園,(02)29220778,234,[234]新北市永和區秀和里9鄰永亨路115巷2號、4號1樓
公立,永和區,65000040,新北市永和區網溪國民小學附設幼兒園,(02)89264470#850,234,[234]新北市永和區上林里21鄰竹林路79號
私立,永和區,65000040,新北市私立卡兒堡幼兒園,(02)29210808,234,[234]新北市永和區信義里3鄰信義路17巷24號1樓
私立,永和區,65000040,新北市私立安迪芬幼兒園,(02)29278843,234,[234]新北市永和區信義里2鄰信義路17巷9弄1號及3號1樓至2樓
準公共,永和區,65000040,新北市私立合安幼兒園,(02)32334171,234,[234]新北市永和區民富里14鄰民樂街59巷15號
私立,永和區,65000040,新北市私立何嘉仁得和幼兒園,(02)89233666,234,[234]新北市永和區秀元里10鄰得和路273之2號1樓至3樓、273號2樓至3樓、273號2樓之1、273號3樓之1
準公共,永和區,65000040,新北市私立親親幼兒園,(02)29251974,234,[234]新北市永和區永樂里16鄰永和路一段112號2樓
公立,永和區,65000040,新北市立永和幼兒園民生分班,(02)29254694,234,[234]新北市永和區永樂里1鄰安樂路431-1號2樓
私立,永和區,65000040,新北市私立幼森幼兒園,(02)32338272,234,[234]新北市永和區永樂里5鄰永和路一段18巷2號1樓
準公共,永和區,65000040,小太陽教育事業股份有限公司附設新北市私立小太陽美學幼兒園,(02)86605678,234,[234]新北市永和區保順里37鄰仁愛路282巷6號1樓、282巷10弄6號1樓
私立,新莊區,65000050,新北市私立太陽花幼兒園,(02)82012211,242,[242]新北市新莊區海山里21鄰中正路425號1.2樓
準公共,新莊區,65000050,新北市私立勵輝國際幼兒園,(02)22768918,242,[242]新北市新莊區頭前里5鄰頭前路26號2樓（2、3層）
準公共,新莊區,65000050,新北市私立勵輝幼兒園,(02)89935981,242,[242]新北市新莊區頭前里5鄰頭前路26號1樓
準公共,新莊區,65000050,新北市私立塏地安幼兒園,(02)29929193,242,[242]新北市新莊區頭前里3鄰化成路492巷10號
準公共,新莊區,65000050,新北市私立傑出幼兒園,(02)85212182,242,[242]新北市新莊區頭前里14鄰中原東路50號1~2樓
私立,新莊區,65000050,新北市私立僑治亞頭前幼兒園,(02)89929273,242,[242]新北市新莊區頭前里4鄰化成路540之2號(1樓)
公立,新莊區,65000050,新北市新莊區頭前國民小學附設幼兒園,(02)29920238#860,242,[242]新北市新莊區頭前里10鄰化成路231號
公立,新莊區,65000050,新北市新莊區豐年國民小學附設幼兒園,(02)22017102#64,242,[242]新北市新莊區國泰里2鄰瓊泰路116號
準公共,新莊區,65000050,新北市私立幼愛幼兒園,(02)29976565,242,[242]新北市新莊區忠孝里10鄰建中街116巷1弄4號1樓，忠孝里9鄰建中街124、126、128號1樓
公立,新莊區,65000050,新北市新莊區新泰國民小學附設幼兒園,(02)29971005#117,242,[242]新北市新莊區忠孝里27鄰公園一路91號
私立,新莊區,65000050,新北市私立維尼芽幼兒園,(02)22050200,242,[242]新北市新莊區後港里24鄰後港一路76巷14弄3號1樓、建安街40巷7號1樓
準公共,新莊區,65000050,新北市私立捷群幼兒園,(02)22068477,242,[242]新北市新莊區後港里21鄰建安街16巷6號1樓
私立,新莊區,65000050,新北市私立妙博士幼兒園,(02)82015747,242,[242]新北市新莊區文衡里12鄰景德路212號1樓至2樓
私立,新莊區,65000050,新北市私立寶貝家族幼兒園,(02)22025567,242,[242]新北市新莊區文衡里4鄰新泰路17號1樓
私立,新莊區,65000050,新北市私立欣園幼兒園,(02)29910322,242,[242]新北市新莊區中美里8鄰中港路207巷14號
私立,新莊區,65000050,新北市私立千暉幼兒園,(02)22052788,242,[242]新北市新莊區八德里12鄰八德街95巷1弄2、4號1樓、2-1、4-1號2樓、3弄1、3、5、7號1樓
私立,新莊區,65000050,財團法人天主教會台北教區附設新北市私立鳴遠幼兒園,(02)29929164,242,[242]新北市新莊區興漢里18鄰新興街1號
準公共,新莊區,65000050,天億文教事業股份有限公司附設新北市私立皇家幼兒園,(02)66375399,242,[242]新北市新莊區中和里25鄰中和街46號
準公共,新莊區,65000050,新北市私立福華幼兒園,(02)22771188,242,[242]新北市新莊區中和里13鄰德豐街1號1樓
私立,新莊區,65000050,新北市私立成德幼兒園,(02)22036555,242,[242]新北市新莊區西盛里5鄰民安東路48號1、2、3樓
私立,新莊區,65000050,新北市私立成德菁英幼兒園,(02)22036555,242,[242]新北市新莊區西盛里5鄰民安東路66號1、2、3樓
準公共,新莊區,65000050,新北市私立生活家幼兒園,(02)22015533,242,[242]新北市新莊區瓊林里3鄰瓊泰路36號1樓、38號1、2樓
私立,新莊區,65000050,新北市私立蓮育幼兒園,(02)82011285,242,[242]新北市新莊區瓊林里7鄰瓊林路瓊英巷7號及9號1樓
私立,新莊區,65000050,新北市私立傑瑞兒童村幼兒園,(02)29025350,242,"[242]新北市新莊區裕民里25鄰中正路887-27號1,2樓、887-27號2樓之1號"
私立,新莊區,65000050,新北市私立育全幼兒園,(02)29024273,242,[242]新北市新莊區裕民里17鄰裕民街85巷5號、9號、裕民街55巷14號及裕民街73巷4、6、8號
公立,新莊區,65000050,新北市新莊區裕民國民小學附設幼兒園,(02)29062407#720,242,[242]新北市新莊區裕民里21鄰裕民街123號
私立,新莊區,65000050,新北市私立儒林幼兒園,(02)29072893,242,"[242]新北市新莊區裕民里32鄰中正路新生巷73,75號1樓"
準公共,新莊區,65000050,新北市私立惠園幼兒園,(02)22095126,242,"[242]新北市新莊區裕民里2鄰中正路新雅巷20號1,2樓"
準公共,新莊區,65000050,新北市私立傑安幼兒園,(02)89923416,242,[242]新北市新莊區文明里16鄰中正路161號1樓
私立,新莊區,65000050,新北市私立建和幼兒園,(02)29946699,242,[242]新北市新莊區文明里11鄰中正路149號2樓
私立,新莊區,65000050,新北市私立親親袋鼠幼兒園,(02)29949655,242,[242]新北市新莊區思源里3鄰思源路87巷11號1樓、11之1號1樓
私立,新莊區,65000050,建豐國際資產管理股份有限公司附設新北市私立卡爾維德幼兒園,(02)89922195#11,242,[242]新北市新莊區思源里5鄰復興路3段19號1.2.3樓
準公共,新莊區,65000050,新北市私立新育幼幼兒園,(02)29945388,242,[242]新北市新莊區思源里19鄰民樂街49號、55號
公立,新莊區,65000050,新北市新莊區新莊國民小學附設幼兒園,(02)29931201#804,242,[242]新北市新莊區立人里1鄰中正路86號
私立,新莊區,65000050,財團法人天主教會台北教區附設新北市私立恆毅幼兒園,(02)29931491,242,[242]新北市新莊區立人里4鄰中正路128巷5號1樓、2樓
私立,新莊區,65000050,新北市私立成功幼兒園,(02)22043840,242,[242]新北市新莊區南港里3鄰四維路20號1樓至3樓及後港二路9號1樓
非營利,新莊區,65000050,新北市新樂非營利幼兒園(委託財團法人三之三生命教育基金會辦理),(02)29940575,242,[242]新北市新莊區立德里2鄰中華路一段75號
私立,新莊區,65000050,新北市私立互仁幼兒園,(02)29916568,242,[242]新北市新莊區信義里24鄰福壽街99巷6弄1號1樓
私立,新莊區,65000050,新北市私立寧馨園幼兒園,(02)22039070,242,[242]新北市新莊區民安里29鄰龍安路517號1樓
公立,新莊區,65000050,新北市立頭前國民中學附設幼兒園,(02)85222862#605,242,[242]新北市新莊區和平里21鄰中原路2號
準公共,新莊區,65000050,新北市私立宏仁幼兒園,(02)29920634,242,[242]新北市新莊區立功里19鄰中平路6巷42、44號
準公共,新莊區,65000050,新北市私立惠群幼兒園,(02)29901158,242,[242]新北市新莊區化成里15鄰化成路143號
公立,新莊區,65000050,新北市新莊區中港國民小學附設幼兒園,(02)89790730#900,242,[242]新北市新莊區立志里11鄰中港一街142號
私立,新莊區,65000050,新北市私立永錡光華幼兒園,(02)22035588,242,[242]新北市新莊區光華里2鄰民安西路410巷15號3樓
私立,新莊區,65000050,新北市私立永松幼兒園,(02)22020520,242,[242]新北市新莊區光華里7鄰光華街24、26號1、2樓
私立,新莊區,65000050,新北市私立永錡幼兒園,(02)22035588,242,[242]新北市新莊區光華里2鄰民安西路410巷15號1.2樓
私立,新莊區,65000050,新北市私立永錡新莊幼兒園,(02)22035588,242,[242]新北市新莊區光華里2鄰民安西路410巷19號1、2、3樓
私立,新莊區,65000050,新北市私立大世紀幼兒園,(02)29901800,242,[242]新北市新莊區思賢里2鄰公園路129號2樓
公立,新莊區,65000050,新北市新莊區國泰國民小學附設幼兒園,(02)29043693#601,242,[242]新北市新莊區營盤里1鄰中正路386號
私立,新莊區,65000050,輔仁大學學校財團法人輔仁大學附設新北市私立幼兒園,(02)29053607,242,[242]新北市新莊區營盤里19鄰中正路510號
私立,新莊區,65000050,新北市私立心慈幼兒園,(02)29019153,242,[242]新北市新莊區丹鳳里5鄰中正路700-14號1-~2樓、700-15號1~2樓
私立,新莊區,65000050,新北市私立安安幼兒園,(02)22023177,242,[242]新北市新莊區光明里3鄰民安西路150巷1、3、5號
公立,新莊區,65000050,新北市新莊區光華國民小學附設幼兒園,(02)22058866#855,242,[242]新北市新莊區光明里1鄰龍安路452號
私立,新莊區,65000050,新北市私立民生幼兒園,(02)29923340,242,[242]新北市新莊區自立里7鄰自立街214巷9弄1號、3號
公立,新莊區,65000050,新北市新莊區思賢國民小學附設幼兒園,(02)29980443#806,242,[242]新北市新莊區自立里9鄰自立街229號
私立,新莊區,65000050,新北市私立晨光幼兒園,(02)29011339,242,[242]新北市新莊區合鳳里17鄰雙鳳路90巷3弄5號
私立,新莊區,65000050,新北市私立文笙幼兒園,(02)29982553,242,"[242]新北市新莊區幸福里30鄰昌隆街86號1,2樓88號1,2樓"
公立,新莊區,65000050,新北市新莊區丹鳳國民小學附設幼兒園,(02)29035355#151,242,[242]新北市新莊區雙鳳里14鄰新北大道七段437號
私立,新莊區,65000050,新北市私立永錡裕民幼兒園,(02)29011741,242,[242]新北市新莊區龍鳳里6鄰龍安路67號1~3樓
準公共,新莊區,65000050,新北市私立健群幼兒園,(02)29032148,242,"[242]新北市新莊區龍鳳里25鄰龍安路78號2樓,80號1,2樓"
私立,新莊區,65000050,新北市私立青園幼兒園,(02)29932211,242,[242]新北市新莊區中華里8鄰中港路338之1號1樓，中安街5巷21號2樓
公立,新莊區,65000050,新北市立新莊幼兒園,(02)29911476,242,[242]新北市新莊區中華里14鄰中港路350號
私立,新莊區,65000050,新北市私立吉尼爾幼兒園,(02)29901626,242,[242]新北市新莊區中隆里18鄰中華路2段159號1、2樓
準公共,新莊區,65000050,新北市私立格登幼兒園,(02)29909966,242,"[242]新北市新莊區中原里23鄰中信街109號1,2樓，111號1樓"
準公共,新莊區,65000050,新北市私立育誠幼兒園,(02)29946485,242,[242]新北市新莊區中原里12鄰中榮街56巷13弄2、6、8號1樓，中原里11鄰中港路中慶巷39、41號1樓
私立,新莊區,65000050,新北市私立僑治亞幼兒園,(02)89926688,242,[242]新北市新莊區中原里6鄰中港路629號1樓
私立,新莊區,65000050,新北市私立僑治亞幼兒園中港分班,(02)89926688,242,[242]新北市新莊區中原里6鄰中港路629號2樓
公立,新莊區,65000050,新北市新莊區中信國民小學附設幼兒園,(02)85212908#600,242,[242]新北市新莊區中原里1鄰中信街168號
準公共,新莊區,65000050,新北市私立育誠中榮幼兒園,(02)29938181,242,[242]新北市新莊區中原里13鄰中榮街56巷13弄1號1樓、中原里14鄰中榮街9號1樓
非營利,新莊區,65000050,行政院新莊聯合辦公大樓各進駐機關員工子女非營利幼兒園(委託社團法人新竹市教保人員協會辦理),(02)85218242,242,[242]新北市新莊區中原里1鄰中平路439號
準公共,新莊區,65000050,新北市私立悠幼幼兒園,(02)89925711,242,[242]新北市新莊區中信里4鄰中信街68號2樓之1(1、2樓)、68號(2樓共同使用部分)
私立,新莊區,65000050,新北市私立新榮富新莊幼兒園,(02)29922174,242,"[242]新北市新莊區中信里13鄰中和街204巷1、3號,218巷2、6號,中信里12鄰中和街1、3、5、7、11號"
私立,新莊區,65000050,新北市私立新榮富幼兒園,(02)29922174,242,[242]新北市新莊區中信里13鄰中和街218巷1號1樓
私立,新莊區,65000050,奇異莊股份有限公司附設新北市私立奇異鳥幼兒園,(02)22027090,242,[242]新北市新莊區四維里2鄰四維路19號3樓
準公共,新莊區,65000050,新北市私立及人幼兒園,(02)29912414,242,[242]新北市新莊區中宏里5鄰中誠街118巷9號2樓及11號1、2樓
準公共,新莊區,65000050,新北市私立文理幼兒園,(02)29949248,242,[242]新北市新莊區中全里15鄰中泰街104巷5弄9號及11號1樓中全里16鄰中泰街116號1樓
公立,新莊區,65000050,新北市立新泰國民中學附設幼兒園,(02)29960745#700,242,[242]新北市新莊區立泰里14鄰新泰路359號
準公共,新莊區,65000050,新北市私立思源幼兒園,(02)29938322,242,[242]新北市新莊區仁義里9鄰思源路287巷1弄88號
準公共,新莊區,65000050,新北市私立尼爾生幼兒園,(02)22797200,242,[242]新北市新莊區立基里6鄰中平路81巷4號1樓、2樓
準公共,新莊區,65000050,新北市私立凱達格蘭幼兒園,(02)29946705,242,[242]新北市新莊區昌明里10鄰昌明街32號1樓及地下室（部分使用）、36號1樓及地下室（部分使用）
準公共,新莊區,65000050,新北市私立和智幼兒園,(02)29989969,242,[242]新北市新莊區昌平里10鄰新莊市昌平街71巷20號1樓、22號1樓
私立,新莊區,65000050,新北市私立英勝幼兒園,(02)85213736,242,[242]新北市新莊區昌平里1鄰富貴路88號1、2、3樓
非營利,新莊區,65000050,新北市昌平非營利幼兒園（委託財團法人三之三生命教育基金會辦理）,(02)85219488,242,[242]新北市新莊區昌平里8鄰昌平街200號1、2樓
私立,新莊區,65000050,新北市私立育勝幼兒園,(02)85217126,242,[242]新北市新莊區昌平里1鄰富貴路90號1、2、3樓及96號1樓
非營利,新莊區,65000050,新北市福營非營利幼兒園(委託社團法人中華兆陽文教發展協會辦理),(02)22022202,242,[242]新北市新莊區萬安里8鄰富國路105號1樓
私立,新莊區,65000050,新北市私立意秋幼兒園,(02)29028680,242,"[242]新北市新莊區福營里9鄰後港一路192號1,2,3樓"
公立,新莊區,65000050,新北市立新莊幼兒園中心分班,(02)29089162,242,[242]新北市新莊區福營里14鄰福營路277號
私立,新莊區,65000050,海納川全人教育股份有限公司附設新北市私立艾倫戴爾幼兒園,(02)77515999,242,[242]新北市新莊區福營里19鄰中正路715號1、2、3樓及715號(166建號E區)
準公共,新莊區,65000050,新北市私立杜克幼兒園,(02)22065472,242,[242]新北市新莊區後德里2鄰建福路58巷2號、4號
私立,新莊區,65000050,新北市私立惠文領袖幼兒園,(02)22035901,242,[242]新北市新莊區建安里12鄰民安路207巷24號1、2、3樓
私立,新莊區,65000050,新北市私立楷模幼兒園,(02)22083282,242,[242]新北市新莊區建安里4鄰民安路177號2樓
公立,新莊區,65000050,新北市新莊區興化國民小學附設幼兒園,(02)22991001#601,242,[242]新北市新莊區福興里2鄰五工二路50巷2號
私立,新莊區,65000050,新北市私立喬聖幼兒園,(02)89916887,242,[242]新北市新莊區昌信里17鄰中原路135號1樓、137號2樓之1
私立,新莊區,65000050,夏恩國際教育股份有限公司附設新北市私立夏恩昌隆幼兒園,(02)89941238,242,[242]新北市新莊區昌信里17鄰中原路117號2樓之1、2樓之2
私立,新莊區,65000050,新北市私立大鵬鳥幼兒園,(02)89911988,242,[242]新北市新莊區昌信里17鄰中原路105號1樓、2樓之3、2樓之5
公立,新莊區,65000050,新北市新莊區昌隆國民小學附設幼兒園,(02)29962351#811,242,[242]新北市新莊區昌隆里6鄰昌隆街63號
私立,新莊區,65000050,新北市私立晨星幼兒園,(02)29919307,242,[242]新北市新莊區昌隆里2鄰昌隆街5號2樓、7號1、2樓、9號2樓
私立,新莊區,65000050,新北市私立何嘉仁幼兒園,(02)89920088,242,[242]新北市新莊區中平里5鄰中和街155巷24弄26號1樓
私立,新莊區,65000050,新北市私立榮欣幼兒園,(02)29922174,242,[242]新北市新莊區中平里7鄰中和街191巷47號1樓、51號1樓
私立,新莊區,65000050,新北市私立榮富幼兒園,(02)89920088,242,"[242]新北市新莊區中平里5鄰中和街155巷24弄26號2,3樓"
公立,新莊區,65000050,新北市新莊區榮富國民小學附設幼兒園,(02)22769020#871,242,[242]新北市新莊區中平里7鄰中和街193號
私立,新莊區,65000050,新北市私立慷乃兒幼兒園,(02)29915615,242,[242]新北市新莊區立廷里4鄰中平路178號2樓、182號1樓
非營利,新莊區,65000050,新北市中平非營利幼兒園(委託社團法人新北市中華國際嬰幼兒發展學會辦理),(02)89910098,242,[242]新北市新莊區立廷里40鄰中平路385號1樓
公立,新莊區,65000050,新北市新莊區民安國民小學附設幼兒園,(02)22056777#91.92,242,[242]新北市新莊區民全里1鄰民安路261號
私立,新莊區,65000050,新北市私立民安幼兒園,(02)22050494,242,[242]新北市新莊區光正里1鄰民安西路137號2樓及龍安路456號2樓
私立,新店區,65000060,新北市私立劍聲幼兒園,(02)29110883,231,[231]新北市新店區國豐里4鄰明德路65巷3號、5號、7號及9號
私立,新店區,65000060,新北市私立俏媽咪幼兒園,(02)29115811,231,[231]新北市新店區明德里5鄰民族路55號
公立,新店區,65000060,新北市新店區大豐國民小學附設幼兒園,(02)22190159#21,231,[231]新北市新店區大豐里17鄰民族路108號
私立,新店區,65000060,新北市私立巨耀幼兒園,(02)86653555,231,[231]新北市新店區大豐里5鄰大豐路68巷1號1樓、2樓及70號1樓、2樓
準公共,新店區,65000060,新北市私立心象園幼兒園,(02)22191077,231,[231]新北市新店區大豐里17鄰自立街13號1樓
私立,新店區,65000060,新北市私立樂童幼兒園,(02)29147856,231,[231]新北市新店區大同里16鄰大豐路16巷9號、11號1樓
準公共,新店區,65000060,新北市私立小天才幼兒園,(02)29127835,231,[231]新北市新店區寶安里8鄰文化路73巷8、10號1樓
私立,新店區,65000060,新北市私立三民幼兒園,(02)29151151,231,[231]新北市新店區寶安里34鄰民權路11巷3號
私立,新店區,65000060,新北市私立菲力復興幼兒園,(02)89113455,231,[231]新北市新店區信義里1鄰寶元路一段15巷9號1-2樓、11號1-2樓
私立,新店區,65000060,新北市私立禾米國際幼兒園,(02)29161730,231,[231]新北市新店區信義里31鄰復興路10-2號1樓
準公共,新店區,65000060,新北市私立陽光天使幼兒園,(02)82183336,231,[231]新北市新店區大鵬里4鄰中正路700巷26號1樓
私立,新店區,65000060,康橋學校財團法人新北市康橋高級中學附屬新北市私立康橋幼兒園,(02)81958866,231,[231]新北市新店區下城里3鄰頂城五街80號
準公共,新店區,65000060,新北市私立安馨新店幼兒園,(02)22119727,231,[231]新北市新店區柴埕里19鄰安和路2段35號1樓、37號1、2樓
公立,新店區,65000060,新北市立安康高級中學附設幼兒園,(02)2211-1743#830,231,[231]新北市新店區柴埕里30鄰安興路25號
準公共,新店區,65000060,新北市私立博安幼兒園,(02)22112577,231,[231]新北市新店區柴埕里24鄰光華街20.22號
私立,新店區,65000060,中信國際學校財團法人新北市私立中信高級中等學校附設幼兒園,(02)22125795,231,[231]新北市新店區柴埕里30鄰安興路1號
公立,新店區,65000060,新北市新店區新和國民小學附設幼兒園,(02)29400170#860,231,[231]新北市新店區永安里3鄰安和路三段100號
私立,新店區,65000060,新北市私立嘉慶幼兒園,(02)22123378,231,[231]新北市新店區公崙里14鄰安康路2段136號
私立,新店區,65000060,新北市私立禾力幼兒園,(02)22110599,231,[231]新北市新店區公崙里15鄰安康路2段142巷14號1、2樓
私立,新店區,65000060,新北市私立漢華幼兒園,(02)22116868,231,[231]新北市新店區公崙里26鄰安忠路57巷26弄29號、31號1樓
公立,新店區,65000060,新北市新店區安坑國民小學附設幼兒園,(02)22119759#219,231,[231]新北市新店區公崙里17鄰安忠路36號
私立,新店區,65000060,新北市私立芯品幼兒園,(02)86665089,231,[231]新北市新店區公崙里19鄰安康路2段91巷9號1樓
非營利,新店區,65000060,新北市新店民安非營利幼兒園（委託康寧學校財團法人康寧大學辦理）,(02)86668077,231,[231]新北市新店區公崙里12鄰安民街3巷10號1樓
公立,新店區,65000060,新北市立新店幼兒園雙城分班,(02)22150154,231,[231]新北市新店區雙城里7鄰安康路三段165巷2弄29號
公立,新店區,65000060,新北市新店區雙城國民小學附設幼兒園,(02)22156511#310,231,[231]新北市新店區雙城里11鄰安康路3段322號
準公共,新店區,65000060,新北市私立寶媽媽幼兒園,(02)22152422,231,[231]新北市新店區日興里2鄰安康路三段355巷40號1樓、42號3樓
私立,新店區,65000060,新北市私立林肯幼兒園,(02)22104986,231,[231]新北市新店區玫瑰里1鄰玫瑰路29號、29號2樓、31號、31之1號、31號2樓
準公共,新店區,65000060,新北市私立道欣幼兒園,(02)22155515,231,[231]新北市新店區玫瑰里24鄰玫瑰路58巷33號1樓
私立,新店區,65000060,新北市私立芯琦幼兒園,(02)22140818,231,[231]新北市新店區玫瑰里22鄰如意街61號1樓、63號1-2樓
公立,新店區,65000060,新北市新店區青潭國民小學附設幼兒園,(02)22173146#250,231,[231]新北市新店區美潭里3鄰北宜路二段八十號
公立,新店區,65000060,新北市新店區雙峰國民小學附設幼兒園,(02)22174543#107,231,[231]新北市新店區雙坑里1鄰北宜路三段66號
私立,新店區,65000060,新北市私立通泉草幼兒園,(02)26660608,231,[231]新北市新店區粗坑里11鄰花園一路一段3號1、2樓
公立,新店區,65000060,新北市新店區屈尺國民小學附設幼兒園,(02)26667490#15,231,[231]新北市新店區屈尺里10鄰屈尺路55號
公立,新店區,65000060,新北市新店區龜山國民小學附設幼兒園,(02)26667317#21,231,[231]新北市新店區龜山里3鄰新烏路3段99巷10號
公立,新店區,65000060,新北市新店區直潭國民小學附設幼兒園,(02)26667278#806,231,[231]新北市新店區直潭里20鄰直潭路92號
準公共,新店區,65000060,新北市私立新乖乖幼兒園,(02)22172598,231,[231]新北市新店區青潭里8鄰北宜路二段56巷3弄2號1樓、5弄1號1樓
公立,新店區,65000060,新北市立新店幼兒園碧潭分班,(02)29110175,231,[231]新北市新店區新店里11鄰新店路207號1、2樓
公立,新店區,65000060,新北市新店區新店國民小學附設幼兒園,(02)29103483#803,231,[231]新北市新店區國校里10鄰新店路2號
私立,新店區,65000060,新北市私立三之三幼兒園,(02)86659872,231,[231]新北市新店區文中里1鄰北宜路1段35、37號2樓
非營利,新店區,65000060,新北市文中非營利幼兒園(委託財團法人三之三生命教育基金會辦理),(02)29120056,231,[231]新北市新店區文中里4鄰文中路38號
準公共,新店區,65000060,新北市私立童心圓幼兒園,(02)86656688,231,[231]新北市新店區文明里7鄰中興路一段101號1樓
私立,新店區,65000060,新北市私立炫媽咪幼兒園,(02)89112955,231,[231]新北市新店區中興里9鄰中興路一段203號1、2樓
私立,新店區,65000060,新北市私立樂韻幼兒園,(02)29110748,231,[231]新北市新店區中興里9鄰中興路1段171、173號1樓
私立,新店區,65000060,新北市私立李氏姐妹幼兒園,(02)29122995,231,[231]新北市新店區新德里3鄰中華路5號、9號2樓、9號2樓之1
公立,新店區,65000060,新北市新店區北新國民小學附設幼兒園,(02)29189300#132,231,[231]新北市新店區張北里9鄰寶橋路8號
準公共,新店區,65000060,新北市私立佳恩幼兒園,(02)29114466,231,[231]新北市新店區張北里21鄰德正街27巷29弄8號
私立,新店區,65000060,新北市私立優時代幼兒園,(02)29150988,231,[231]新北市新店區張北里32鄰中興路2段189號1樓、2樓
私立,新店區,65000060,新北市私立菲力中興幼兒園,(02)29185674,231,[231]新北市新店區五峯里14鄰中興路1段266之1號、266之3號2樓
公立,新店區,65000060,新北市立五峰國民中學附設幼兒園,(02)29112005#226,231,[231]新北市新店區五峯里3鄰中興路一段253號
準公共,新店區,65000060,新北市私立聯華幼兒園,(02)29155656,231,[231]新北市新店區新安里6鄰北新路2段186號1-2樓
公立,新店區,65000060,新北市新店區中正國民小學附設幼兒園,(02)29125432#851,231,[231]新北市新店區中正里22鄰三民路36號
私立,新店區,65000060,財團法人天主教新北市私立育新幼兒園,(02)29158300#101,231,[231]新北市新店區中正里16鄰三民路19號
私立,新店區,65000060,新北市私立積木幼兒園,(02)29182889,231,[231]新北市新店區中華里9鄰三民路31號1~2樓
準公共,新店區,65000060,新北市私立佳欣幼兒園,(02)29138578,231,[231]新北市新店區仁愛里4鄰中正路128巷9弄1號
準公共,新店區,65000060,新北市私立佳欣中正幼兒園,(02)86653778,231,[231]新北市新店區仁愛里4鄰中正路128巷7弄2號1樓，4號1樓
準公共,新店區,65000060,新北市私立佳欣北新幼兒園,(02)86653778,231,"[231]新北市新店區仁愛里5鄰北新路二段29巷1弄1號1,2樓"
私立,新店區,65000060,新北市私立幼禾幼兒園,(02)29103808,231,[231]新北市新店區百忍里12鄰平等街48巷17、19號
私立,新店區,65000060,財團法人耕莘健康管理專科學校附設新北市私立實驗幼兒園,(02)22189396,231,[231]新北市新店區百和里14鄰民族路112號1、2樓
私立,新店區,65000060,新北市私立新中幼兒園,(02)22192878,231,[231]新北市新店區百和里14鄰中正路360號2樓
私立,新店區,65000060,新北市私立小綠芽幼兒園,(02)22193305,231,[231]新北市新店區百和里17鄰中正路382巷1號1樓
準公共,新店區,65000060,新北市私立培英幼兒園,(02)29118055,231,[231]新北市新店區百福里3鄰三民路75巷12號、14號
非營利,新店區,65000060,新北市政府新北捷運員工子女非營利幼兒園(委託康寧學校財團法人康寧大學辦理),(02)66057534,231,[231]新北市新店區中山里1鄰民權路280號1樓、2樓及3樓
公立,新店區,65000060,新北市立新店幼兒園和平分班,(02)22180160,231,[231]新北市新店區和平里10鄰民生路147號
準公共,新店區,65000060,新北市私立向日園幼兒園,(02)22197399,231,[231]新北市新店區中央里11鄰中央五街84號1樓
準公共,新店區,65000060,新北市私立尼斯堡幼兒園,(02)82187139,231,[231]新北市新店區中央里1鄰中央一街20號1樓
私立,新店區,65000060,新北市私立三愛幼兒園,(02)22118158,231,[231]新北市新店區安和里5鄰安民街269巷14、16號
非營利,新店區,65000060,新北市安興非營利幼兒園(委託財團法人仁德醫護管理專科學校辦理),(02)22122100,231,[231]新北市新店區安和里28鄰安興路129號1、2、3樓
準公共,新店區,65000060,新北市私立陽光聖谷幼兒園,(02)22127100,231,[231]新北市新店區安和里27鄰安興路91巷5號1、2樓
準公共,新店區,65000060,新北市私立立大幼兒園,(02)29120204,231,[231]新北市新店區寶福里2鄰寶中路76號2樓
私立,新店區,65000060,新北市私立水星幼兒園,(02)29178686,231,[231]新北市新店區寶福里15鄰寶興路42巷25號1樓
私立,新店區,65000060,康軒文教事業股份有限公司附設新北市私立員工幼兒園,(02)86651866,231,[231]新北市新店區寶福里21鄰中興路二段218巷11號3樓
準公共,新店區,65000060,新北市私立容石園幼兒園,(02)29179648,231,[231]新北市新店區建國里10鄰建安街31號1樓
私立,新店區,65000060,新北市私立莘莘幼兒園,(02)29124853,231,[231]新北市新店區建國里15鄰中正路284巷4弄3號1樓
私立,新店區,65000060,財團法人中華民國佛教慈濟慈善事業基金會附設新北市私立臺北大愛幼兒園,(02)40510777#4237,231,[231]新北市新店區復興里13鄰建國路279號1樓
私立,新店區,65000060,新北市私立雅格幼兒園,(02)22118709,231,[231]新北市新店區安昌里1鄰安德街40號1、2樓
私立,新店區,65000060,新北市私立凱撒琳幼兒園,(02)22122588,231,[231]新北市新店區安昌里2鄰安德街57巷9號1樓、11號1樓、13號1樓、15號1樓、17號1樓
私立,新店區,65000060,新北市私立安康幼兒園,(02)86660666,231,[231]新北市新店區安昌里12鄰安康路2段168號1樓、2樓、3樓
公立,新店區,65000060,新北市立新店幼兒園,(02)29419045,231,[231]新北市新店區新和里12鄰新和街109號1、2樓
私立,新店區,65000060,新北市私立好好幼兒園,(02)22135960,231,"[231]新北市新店區達觀里1鄰達觀路6號1,2樓"
私立,樹林區,65000070,新北市私立建丞幼兒園,(02)26888993,238,[238]新北市樹林區三福里31鄰三寶街6號1~2樓、8號1~2樓
準公共,樹林區,65000070,新北市私立冠軍幼兒園,(02)26890676,238,[238]新北市樹林區三福里27鄰忠愛街15號1樓
準公共,樹林區,65000070,新北市私立劍聲樹林幼兒園,(02)26881538,238,[238]新北市樹林區三福里28鄰三福街47巷16、18、20、22號1樓
公立,樹林區,65000070,新北市樹林區三多國民小學附設幼兒園,(02)26880698#160,238,[238]新北市樹林區三福里23鄰三福街52號
私立,樹林區,65000070,新北市私立雅立福幼兒園,(02)26885123,238,"[238]新北市樹林區三福里30鄰三福街85巷2-1號,2-2號1樓"
公營公司,樹林區,65000070,中華郵政公司樹林三多郵局職場互助教保服務中心(委託社團法人臺灣兒童教育發展協會辦理),(02)86882722,238,[238]新北市樹林區三福里32鄰三福街70巷1號
公立,樹林區,65000070,新北市立樹林幼兒園圳安分班,(02)26837375,238,[238]新北市樹林區圳安里1鄰俊英街98之1號
私立,樹林區,65000070,新北市私立文林幼兒園,(02)26811737,238,[238]新北市樹林區保安里18鄰千歲街46巷12、14號1樓
私立,樹林區,65000070,新北市私立鑫立群幼兒園,(02)26862021,238,[238]新北市樹林區保安里22鄰千歲街104巷18.22號
公立,樹林區,65000070,新北市樹林區文林國民小學附設幼兒園,(02)26812625#880,238,[238]新北市樹林區潭底里32鄰千歲街59號
準公共,樹林區,65000070,新北市私立育全保安幼兒園,(02)26878181,238,"[238]新北市樹林區潭底里3鄰保安街一段345號1,2,3樓"
非營利,樹林區,65000070,新北市三多非營利幼兒園（委託社團法人中華巧耕多元教育發展協會辦理）,(02)86883352,238,[238]新北市樹林區羌寮里15鄰三多路101號1樓
私立,樹林區,65000070,新北市私立喬中幼兒園,(02)26752955,238,[238]新北市樹林區樹西里32鄰復興路198號2樓
公立,樹林區,65000070,新北市樹林區樹林國民小學附設幼兒園,(02)26812014#123,238,[238]新北市樹林區樹西里13鄰育英街176號
私立,樹林區,65000070,財團法人天主教會台北教區附設新北市私立聖言幼兒園,(02)26831610#108,238,[238]新北市樹林區樹西里7鄰中山路一段154號1樓至3樓
公立,樹林區,65000070,新北市立樹林幼兒園,(02)26838354,238,[238]新北市樹林區樹南里3鄰文化街15號
公立,樹林區,65000070,新北市樹林區育林國民小學附設幼兒園,(02)26832112#602,238,[238]新北市樹林區樹南里14鄰復興路395號
私立,樹林區,65000070,財團法人新北市私立張方大慈善事業基金會附設新北市私立士箱幼兒園,(02)26812812#11,238,[238]新北市樹林區樹人里11鄰啟智街106號1-2樓
公立,樹林區,65000070,新北市樹林區大同國民小學附設幼兒園,(02)86865486#616,238,[238]新北市樹林區大同里2鄰大同街43號
公立,樹林區,65000070,新北市立樹林幼兒園彭厝分班,(02)86843370,238,[238]新北市樹林區大同里4鄰太平路56巷43號
私立,樹林區,65000070,新北市私立澄品幼兒園,(02)86857862,238,[238]新北市樹林區和平里17鄰仁愛街12巷4、6號1~2樓
私立,樹林區,65000070,新北市私立育安幼兒園,(02)86843058,238,[238]新北市樹林區和平里20鄰中華路12巷11號
公立,樹林區,65000070,新北市樹林區彭福國民小學附設幼兒園,(02)86866589#106,238,[238]新北市樹林區和平里11鄰忠孝街30號
私立,樹林區,65000070,新北市私立育安園幼兒園,(02)86842598,238,[238]新北市樹林區和平里20鄰中華路12巷13號1樓
準公共,樹林區,65000070,新北市私立名人幼兒園,(02)86869696,238,[238]新北市樹林區彭福里22鄰國凱街136巷48號1樓
私立,樹林區,65000070,新北市私立快樂地幼兒園,(02)86858888,238,[238]新北市樹林區彭福里4鄰八德街118號1、2、3樓及120號1樓
準公共,樹林區,65000070,新北市私立博智幼兒園,(02)86856059,238,[238]新北市樹林區東陽里4鄰鎮前街367巷5號、5-1號、5-2號
私立,樹林區,65000070,新北市私立柏克萊幼兒園,(02)86850078,238,[238]新北市樹林區東陽里13鄰東陽街59號1樓
私立,樹林區,65000070,新北市私立福祿貝爾大有幼兒園,(02)26803456,238,[238]新北市樹林區南園里15鄰大有路36號1、2、3樓
非營利,樹林區,65000070,新北市桃子腳非營利幼兒園(委託財團法人三之三生命教育基金會辦理),(02)26688249,238,[238]新北市樹林區南園里8鄰學勤路555之1號
準公共,樹林區,65000070,新北市私立艾維恩幼兒園,(02)26683135,238,[238]新北市樹林區柑園里8鄰大成路373號1、2、3樓
公立,樹林區,65000070,新北市立柑園國民中學附設幼兒園,(02)26801958#101,238,[238]新北市樹林區柑園里6鄰柑園街2段125號
私立,樹林區,65000070,新北市私立珈和幼兒園,(02)26687318,238,[238]新北市樹林區柑園里24鄰學勤路203號1、2、3樓
私立,樹林區,65000070,新北市私立立群幼兒園,(02)26862021,238,[238]新北市樹林區圳福里13鄰千歲街106號及108號1、2樓
私立,樹林區,65000070,財團法人新北市樹林基督長老教會附設新北市私立牧人幼兒園,(02)26830838,238,[238]新北市樹林區樹福里14鄰中山路一段2號1、2、3樓
私立,樹林區,65000070,新北市私立奇異鳥米蘭幼兒園,(02)26824949,238,[238]新北市樹林區樹福里10鄰長壽街15之5號2樓、15之6號1樓、15之7號1、2樓
公立,樹林區,65000070,新北市樹林區武林國民小學附設幼兒園,(02)26871152,238,[238]新北市樹林區金寮里8鄰保安街二段151號
公立,樹林區,65000070,新北市樹林區山佳國民小學附設幼兒園,(02)26806673#866,238,[238]新北市樹林區山佳里15鄰中山路三段5號
公立,樹林區,65000070,新北市樹林區育德國民小學附設幼兒園,(02)26805557#140,238,[238]新北市樹林區中山里5鄰佳園路一段34號
公立,樹林區,65000070,新北市立樹林幼兒園山佳分班,(02)26805142,238,[238]新北市樹林區中山里1鄰中山路三段40號
準公共,樹林區,65000070,新北市私立富雅幼兒園,(02)26689689,238,[238]新北市樹林區中山里18鄰地政街17號1、2、3樓
私立,樹林區,65000070,新北市私立樹林育林幼兒園,(02)26751695,238,[238]新北市樹林區育英里8鄰文化街28號1、2樓
私立,樹林區,65000070,新北市私立企鵝家族幼兒園,(02)26853115,238,"[238]新北市樹林區育英里17鄰文化街22,24號1,2,3樓"
私立,樹林區,65000070,新北市私立名欣幼兒園,(02)26841206,238,[238]新北市樹林區圳民里1鄰俊英街238之6號1樓
準公共,樹林區,65000070,新北市私立迴龍幼兒園,(02)26891721,238,[238]新北市樹林區三龍里15鄰三俊街35號1樓
準公共,鶯歌區,65000080,新北市私立宏修幼兒園,(02)26776788,239,[239]新北市鶯歌區東鶯里3鄰文化路145巷10號1樓
私立,鶯歌區,65000080,新北市私立山姆幼兒園,(02)86782899,239,[239]新北市鶯歌區中鶯里8鄰仁愛路66號1樓、2樓、3樓(含地下1樓)
公立,鶯歌區,65000080,新北市立鶯歌國民中學附設幼兒園,(02)26701461#701,239,[239]新北市鶯歌區同慶里13鄰尖山埔路108號
公立,鶯歌區,65000080,新北市鶯歌區鶯歌國民小學附設幼兒園,(02)26792038#251,239,[239]新北市鶯歌區同慶里1鄰尖山埔路106號
準公共,鶯歌區,65000080,新北市私立愛迪生幼兒園,(02)26704615,239,[239]新北市鶯歌區永昌里18鄰建國路556號1、2、3樓
準公共,鶯歌區,65000080,新北市私立宏鶯幼兒園,(02)26706022,239,[239]新北市鶯歌區永昌里10鄰鶯桃路95巷16、18號1、2樓
非營利,鶯歌區,65000080,新北市昌福非營利幼兒園(委託中華民國文教產業發展暨補習服務品保協會辦理),(02)26708189,239,[239]新北市鶯歌區永昌里4鄰永明街22號1樓
公立,鶯歌區,65000080,新北市立尖山國民中學附設幼兒園,(02)26771462,239,[239]新北市鶯歌區尖山里16鄰國中街1號
公立,鶯歌區,65000080,新北市鶯歌區二橋國民小學附設幼兒園,(02)26792364#272,239,[239]新北市鶯歌區二橋里2鄰中正三路106號
私立,鶯歌區,65000080,新北市私立育全鶯歌幼兒園,(02)86778181,239,"[239]新北市鶯歌區二橋里1鄰二甲路25號1,2樓"
公立,鶯歌區,65000080,新北市立鳳鳴國民中學附設幼兒園,(02)26780609#232,239,[239]新北市鶯歌區鳳鳴里16鄰永和街33號
公立,鶯歌區,65000080,新北市鶯歌區鳳鳴國民小學附設幼兒園,(02)26797554#501,239,[239]新北市鶯歌區鳳鳴里18鄰永和街120號
私立,鶯歌區,65000080,新北市私立及仁幼兒園,(02)26799611,239,[239]新北市鶯歌區鳳福里3鄰鳳吉一街172號1至3樓
準公共,鶯歌區,65000080,新北市私立學詮幼兒園,(02)86771515,239,[239]新北市鶯歌區永吉里1鄰德昌街131號1、2樓
準公共,鶯歌區,65000080,新北市私立長青幼兒園,(02)26794011,239,[239]新北市鶯歌區永吉里16鄰鶯桃路188號
公立,鶯歌區,65000080,新北市鶯歌區永吉國民小學附設幼兒園,(02)26704177#601,239,[239]新北市鶯歌區永吉里4鄰德昌二街2號
公立,鶯歌區,65000080,新北市鶯歌區中湖國民小學附設幼兒園,(02)86775640,239,[239]新北市鶯歌區中湖里9鄰中湖街25號
公立,鶯歌區,65000080,新北市立鶯歌幼兒園,(02)26781259#18,239,[239]新北市鶯歌區中湖里7鄰大湖路336號
私立,鶯歌區,65000080,新北市私立朱徠德幼兒園,(02)26799000,239,[239]新北市鶯歌區鳳祥里7鄰鶯桃路301號1、2樓
公立,鶯歌區,65000080,新北市鶯歌區建國國民小學附設幼兒園,(02)26709228#160,239,[239]新北市鶯歌區建國里18鄰育英街2號
私立,鶯歌區,65000080,新北市私立康乃爾幼兒園,(02)26787999,239,[239]新北市鶯歌區建國里16鄰育英街98-1號1樓
私立,鶯歌區,65000080,新北市私立鶯歌芝麻村幼兒園,(02)86788181,239,[239]新北市鶯歌區建國里25鄰國華路103、103-1、105、107及109號1樓
私立,鶯歌區,65000080,新北市私立精英國際幼兒園,(02)26793299,239,[239]新北市鶯歌區建國里1鄰中山路249巷30號1樓、32號1樓、36號1至2樓及36號露臺
私立,三峽區,65000090,新北市私立東北藝園幼兒園,(02)26713321,237,[237]新北市三峽區八張里8鄰民族街28巷9弄12、16、20號各1樓
私立,三峽區,65000090,新北市私立聖母幼兒園,(02)86713100,237,[237]新北市三峽區中埔里3鄰中園街71-1號
非營利,三峽區,65000090,新北市中園非營利幼兒園(委託財團法人成長文教基金會辦理),(02)86720070,237,[237]新北市三峽區中埔里9鄰弘園街22號
公立,三峽區,65000090,新北市三峽區三峽國民小學附設幼兒園,(02)26711018#850,237,[237]新北市三峽區永舘里16鄰中山路16號
私立,三峽區,65000090,新北市私立金祥慈幼兒園,(02)26741273,237,[237]新北市三峽區永舘里19鄰和平街36巷7弄1號1.2樓
準公共,三峽區,65000090,新北市私立啟育藝術幼兒園,(02)26719995,237,[237]新北市三峽區永舘里1鄰民生街59號1、2、3樓及民生街27巷14、16、18、20、22號各1樓
準公共,三峽區,65000090,新北市私立北大幼兒園,(02)26721286,237,[237]新北市三峽區永舘里20鄰復興路177巷8號1樓、10號1、2樓
私立,三峽區,65000090,新北市三峽區農會附設新北市私立幼兒園,(02)26711002#126,237,[237]新北市三峽區礁溪里8鄰長泰街98巷5號2樓
準公共,三峽區,65000090,新北市私立快樂靜思園幼兒園,(02)86717127,237,[237]新北市三峽區礁溪里31鄰中華路15巷5號1樓(含夾層)、7號1樓(含夾層)
私立,三峽區,65000090,新北市私立育全三峽幼兒園,(02)26748181,237,[237]新北市三峽區礁溪里3鄰長泰街24號1樓、24之1號1樓、2樓、3樓
私立,三峽區,65000090,新北市私立佩思幼兒園,(02)26728882,237,[237]新北市三峽區礁溪里33鄰中華路25號1樓
非營利,三峽區,65000090,新北市安溪非營利幼兒園(委託社團法人桃園市教保服務人員協會辦理),(02)26718607,237,[237]新北市三峽區礁溪里25鄰中華路42號
社團法人附設,三峽區,65000090,清福長照社團法人附設新北市私立清福幼兒園,(02)86726006,237,[237]新北市三峽區礁溪里2鄰介壽路1段261號1樓
私立,三峽區,65000090,新北市私立佳宜幼兒園,(02)26713610,237,[237]新北市三峽區礁溪里10鄰介壽路1段183號1、2樓
準公共,三峽區,65000090,新北市私立文化幼兒園,(02)26717156,237,[237]新北市三峽區鳶山里3鄰大勇路3巷1、3號
準公共,三峽區,65000090,新北市私立文強幼兒園,(02)26718832,237,[237]新北市三峽區鳶山里18鄰中山路257巷2號、4號1樓
準公共,三峽區,65000090,新北市私立小甜甜幼兒園,(02)86710663,237,[237]新北市三峽區鳶山里10鄰中山路106巷17弄14號1、2樓
公立,三峽區,65000090,新北市立三峽國民中學附設幼兒園,(02)26711043#300,237,[237]新北市三峽區鳶山里6鄰復興路238號
私立,三峽區,65000090,新北市私立溫特爾幼兒園,(02)26718181,237,[237]新北市三峽區龍埔里5鄰三樹路336號1、2、3樓
公立,三峽區,65000090,新北市立三峽幼兒園龍埔分班,(02)26733873,237,[237]新北市三峽區龍埔里6鄰三樹路214巷9號
私立,三峽區,65000090,新北市私立小樹苗幼兒園,(02)26732336,237,[237]新北市三峽區龍埔里27鄰復興路80巷14弄1、5號
非營利,三峽區,65000090,新北市北大非營利幼兒園(委託明新學校財團法人明新科技大學辦理),(02)26747373,237,[237]新北市三峽區龍埔里31鄰國光街100號A棟1樓至2樓
非營利,三峽區,65000090,國家教育研究院員工子女非營利幼兒園(委託財團法人彭婉如文教基金會辦理),(02)26725016,237,[237]新北市三峽區龍埔里8鄰三樹路2號1樓
公立,三峽區,65000090,新北市三峽區大埔國民小學附設幼兒園,(02)26712523#140,237,[237]新北市三峽區大埔里17鄰大埔路130號
公立,三峽區,65000090,新北市三峽區民義國民小學附設幼兒園,(02)26711895#841,237,[237]新北市三峽區嘉添里2鄰白雞路40號
公立,三峽區,65000090,新北市三峽區五寮國民小學附設幼兒園,(02)26720298#30,237,[237]新北市三峽區五寮里14鄰69號
公立,三峽區,65000090,新北市立插角森林實驗小學附設幼兒園,(02)26720230#840,237,[237]新北市三峽區插角里14鄰39號
公立,三峽區,65000090,新北市立三峽幼兒園中興分班,(02)86763332#28,237,[237]新北市三峽區溪南里7鄰介壽路二段136巷63號
公立,三峽區,65000090,新北市立三峽幼兒園,(02)86762565,237,[237]新北市三峽區溪東里10鄰溪東路218巷1號2樓
私立,三峽區,65000090,新北市私立恆育幼兒園,(02)86763857,237,"[237]新北市三峽區溪東里1鄰橫溪路99巷76,78,80號"
公立,三峽區,65000090,新北市三峽區建安國民小學附設幼兒園,(02)26726783#105,237,[237]新北市三峽區安坑里15鄰建安路67號
公立,三峽區,65000090,新北市三峽區介壽國民小學附設幼兒園,(02)26712392#60,237,[237]新北市三峽區介壽里21鄰大同路1號
私立,三峽區,65000090,新北市私立璦俐兒幼兒園,(02)26742222,237,"[237]新北市三峽區介壽里21鄰大同路1-5號1,2樓"
私立,三峽區,65000090,新北市私立佳兒幼兒園,(02)26718964,237,[237]新北市三峽區安溪里4鄰中正路1段108巷30號1-2樓
公立,三峽區,65000090,新北市立安溪國民中學附設幼兒園,(02)26717851#501,237,[237]新北市三峽區中正里14鄰大同路135號
準公共,三峽區,65000090,新北市私立童話村幼兒園,(02)86725570,237,[237]新北市三峽區中正里23鄰光明路100之6號2樓
私立,三峽區,65000090,新北市私立瑪莉亞蒙特梭利幼兒園,(02)86726343,237,[237]新北市三峽區龍學里32鄰大德路493號1樓(含夾層)
私立,三峽區,65000090,新北市私立山姆叔叔幼兒園,(02)86712899#9,237,[237]新北市三峽區龍學里36鄰學勤路125號1.2樓
非營利,三峽區,65000090,新北市龍埔成長非營利幼兒園(委託財團法人成長文教基金會辦理),(02)86719390,237,[237]新北市三峽區龍學里1鄰大學路6號
私立,三峽區,65000090,新北市私立東橙幼兒園,(02)26731996,237,[237]新北市三峽區龍學里6鄰大德路70號及72號1、2樓
私立,三峽區,65000090,新北市私立娃娃國幼兒園,(02)86719717,237,[237]新北市三峽區龍學里18鄰大義路239號
非營利,三峽區,65000090,新北市漢翔非營利幼兒園(委託財團法人三之三生命教育基金會辦理),(02)26729891,237,[237]新北市三峽區龍學里31鄰大學路218號1至3樓
準公共,三峽區,65000090,財團法人享翔葉克膜教育基金會附設新北市私立翔耀幼兒園,(02)26730873,237,[237]新北市三峽區龍學里36鄰大德路302號1樓
準公共,三峽區,65000090,新北市私立童妍幼兒園,(02)86710636,237,[237]新北市三峽區龍恩里23鄰大學路151號1樓
公立,淡水區,65000100,新北市淡水區中泰國民小學附設幼兒園,(02)28012033#107,251,[251]新北市淡水區中和里9鄰北勢子5號
公立,淡水區,65000100,新北市淡水區屯山國民小學附設幼兒園,(02)28012591#850,251,[251]新北市淡水區屯山里6鄰淡金路5段111號
公立,淡水區,65000100,新北市淡水區興仁國民小學附設幼兒園,(02)26262151#無,251,[251]新北市淡水區興仁里4鄰興仁路101巷10號
公立,淡水區,65000100,新北市立忠山實驗小學附設幼兒園,(02)26216139#850,251,[251]新北市淡水區忠山里16鄰行忠路899號一樓
私立,淡水區,65000100,新北市私立松林幼兒園,(02)2622-5564,251,[251]新北市淡水區崁頂里1鄰中山北路二段189巷100號1樓
非營利,淡水區,65000100,新北市淡海非營利幼兒園(委託財團法人三之三生命教育基金會辦理),(02)28053855,251,[251]新北市淡水區崁頂里13鄰崁頂三路1號
私立,淡水區,65000100,新北市私立吾米幼兒園,(02)28057988,251,[251]新北市淡水區崁頂里20鄰後洲路一段111號
非營利,淡水區,65000100,新北市崁頂非營利幼兒園(委託財團法人三之三生命教育基金會辦理),(02)28059021,251,[251]新北市淡水區崁頂里13鄰新市三路一段231號
私立,淡水區,65000100,新北市私立愛丁堡探索幼兒園,(02)26291122,251,[251]新北市淡水區崁頂里3鄰崁頂15-11號
公立,淡水區,65000100,新北市淡水區育英國民小學附設幼兒園,(02)26214390#114,251,[251]新北市淡水區埤島里4鄰埤頭14號
私立,淡水區,65000100,新北市私立淡水新興幼兒園,(02)26294887,251,[251]新北市淡水區新興里4鄰新興街43號1樓及夾層
私立,淡水區,65000100,新北市私立蘋果苑幼兒園,(02)86311599,251,[251]新北市淡水區新興里7鄰新春街126巷9號1樓、2樓
私立,淡水區,65000100,新北市私立愛家幼兒園,(02)86311045,251,[251]新北市淡水區新興里3鄰新興街9號1樓、11號1樓、13號1樓
準公共,淡水區,65000100,新北市私立淡水松柏幼兒園,(02)26264253,251,[251]新北市淡水區新興里8鄰新春街172號1樓至2樓及180號2樓、2樓之1、2樓之2、2樓之3、2樓之7
公立,淡水區,65000100,新北市淡水區新興國民小學附設幼兒園,(02)26203646#850,251,[251]新北市淡水區新興里21鄰新興街123號
私立,淡水區,65000100,新北市私立快樂小熊幼兒園,(02)26235611,251,[251]新北市淡水區新興里16鄰中山北路1段247巷54號1樓、2樓及56號1樓、2樓
私立,淡水區,65000100,新北市私立吉的堡北馨園幼兒園,(02)86314518,251,[251]新北市淡水區水碓里15鄰北新路92號1樓、92號2樓、92號2樓之1
私立,淡水區,65000100,新北市私立菁英幼兒園,(02)26259491#2,251,[251]新北市淡水區水碓里11鄰大忠街75號2樓、77號2樓
公立,淡水區,65000100,新北市立淡水幼兒園,(02)26203130#35,251,[251]新北市淡水區水碓里17鄰中山北路1段158號1樓
私立,淡水區,65000100,新北市私立萬甲田幼兒園,(02)26269676,251,[251]新北市淡水區北投里2鄰新市一路3段101巷16弄1號1樓
私立,淡水區,65000100,新北市私立漢斯堡國際幼兒園,(02)26225627,251,[251]新北市淡水區北投里2鄰商工路186巷17號1、2樓
公立,淡水區,65000100,新北市淡水區新市國民小學附設幼兒園,(02)26262141#860,251,[251]新北市淡水區北投里17鄰中山北路2段200號1樓
私立,淡水區,65000100,新北市私立樂樂童年幼兒園,(02)26262958,251,[251]新北市淡水區北投里2鄰新市一路3段101巷1號1、2、3樓
公立,淡水區,65000100,新北市淡水區水源國民小學附設幼兒園,(02)26211347#14,251,[251]新北市淡水區水源里9鄰北新路2段15號
公立,淡水區,65000100,新北市淡水區坪頂國民小學附設幼兒園,(02)86263105#14,251,[251]新北市淡水區坪頂里3鄰小坪頂18號
準公共,淡水區,65000100,新北市私立育碩幼兒園,(02)28082746,251,[251]新北市淡水區福德里2鄰自強路309之1號1樓、309號2樓
準公共,淡水區,65000100,新北市私立英格麗幼兒園,(02)28098640,251,[251]新北市淡水區福德里2鄰自強路110號1、2樓
準公共,淡水區,65000100,新北市私立小親親幼兒園,(02)28097113,251,[251]新北市淡水區民生里12鄰民生路124巷11弄3號1~2樓、5號1~2樓
公立,淡水區,65000100,新北市立淡水幼兒園竹圍分班,(02)28097563#11,251,[251]新北市淡水區民生里19鄰民生路27號1、2、3樓
準公共,淡水區,65000100,新北市私立歡樂寶貝熊幼兒園,(02)26241218,251,[251]新北市淡水區民生里1鄰民權路73號1樓(門牌合併含73號1樓、75號2樓)
準公共,淡水區,65000100,新北市私立快樂家族幼兒園,(02)28085878,251,[251]新北市淡水區八勢里7鄰八勢一街40號1樓、2樓
私立,淡水區,65000100,新北市私立紅樹林幼兒園,(02)28090930,251,[251]新北市淡水區八勢里7鄰中正東路二段7號1至3樓
公立,淡水區,65000100,新北市淡水區竹圍國民小學附設幼兒園,(02)28091475#76,251,[251]新北市淡水區八勢里2鄰中正東路2段145號
私立,淡水區,65000100,新北市私立啟蒙幼兒園,(02)26204411,251,[251]新北市淡水區協元里8鄰新生街90巷2號1樓、2之1號1~2樓
公立,淡水區,65000100,新北市淡水區淡水國民小學附設幼兒園,(02)26212755#140,251,[251]新北市淡水區協元里4鄰中山路160號
私立,淡水區,65000100,台灣基督長老教會淡江學校財團法人新北市私立淡江高級中學附設新北市私立純德幼兒園,(02)26212805,251,[251]新北市淡水區文化里13鄰真理街26號
公立,淡水區,65000100,新北市淡水區文化國民小學附設幼兒園,(02)26212031#871,251,[251]新北市淡水區文化里8鄰真理街6號1樓
公立,淡水區,65000100,新北市立淡水國民中學附設幼兒園,(02)26212758#27,251,[251]新北市淡水區文化里10鄰真理街10號
公立,淡水區,65000100,新北市淡水區天生國民小學附設幼兒園,(02)28052695#852,251,[251]新北市淡水區油車里12鄰淡海路72巷26號
私立,淡水區,65000100,財團法人新北市私立一信幼兒園,(02)28055681,251,[251]新北市淡水區油車里8鄰中正路一段63巷9號
私立,淡水區,65000100,新北市私立國花幼兒園,(02)26220315,251,"[251]新北市淡水區新義里2鄰新生街51巷31弄1,3,5,7,9,11號"
準公共,淡水區,65000100,新北市私立臻寶園幼兒園,(02)26281889,251,[251]新北市淡水區新義里13鄰大義街29巷7號1樓、9號1樓、11號1樓、13號1樓
準公共,淡水區,65000100,新北市私立普登幼兒園,(02)26236585,251,[251]新北市淡水區新義里13鄰中山北路一段151號2樓
準公共,淡水區,65000100,新北市私立悅慧幼兒園,(02)26283153,251,[251]新北市淡水區新春里11鄰新春街10巷2號1至2樓、10巷1號1樓
私立,淡水區,65000100,新北市私立淡水啟文幼兒園,(02)26216505,251,[251]新北市淡水區北新里10鄰北新路188號1、2樓
職場互助,淡水區,65000100,經濟部台灣自來水公司第一區管理處職場互助教保服務中心(委託財團法人三之三生命教育基金會辦理),(02)26221690,251,[251]新北市淡水區北新里19鄰淡金路一段497號
準公共,淡水區,65000100,新北市私立萊恩得幼兒園,(02)28082839,251,[251]新北市淡水區民權里12鄰民權路181巷7、9、11、13、15號1樓
私立,淡水區,65000100,新北市私立溫斯頓幼兒園,(02)88093528,251,[251]新北市淡水區民權里16鄰民權路187巷40號1樓
私立,淡水區,65000100,新北市私立雨果幼兒園,(02)26238523#330,251,[251]新北市淡水區幸福里11鄰水源街1段124號2樓
私立,淡水區,65000100,新北市私立可爾威德幼兒園,(02)26221700,251,[251]新北市淡水區幸福里18鄰中正東路35巷11號
準公共,淡水區,65000100,新北市私立卓越幼兒園,(02)26295859,251,[251]新北市淡水區學府里2鄰水源街1段157號3樓
公立,淡水區,65000100,新北市淡水區鄧公國民小學附設幼兒園,(02)26297121#160,251,[251]新北市淡水區學府里4鄰學府路99號
準公共,淡水區,65000100,新北市私立智晶幼兒園,(02)26263915,251,[251]新北市淡水區學府里5鄰學府路113號2樓
私立,淡水區,65000100,新北市私立唯寶幼兒園,(02)28053765,251,[251]新北市淡水區大庄里6鄰沙崙路131巷13弄2號1樓、131巷11號1樓
公立,汐止區,65000110,新北市汐止區汐止國民小學附設幼兒園,(02)26477271#602,221,[221]新北市汐止區智慧里7鄰大同路二段313號
準公共,汐止區,65000110,新北市私立華慶幼兒園,(02)86488923,221,[221]新北市汐止區橋東里20鄰忠孝東路447號1~2樓、449號1~2樓
準公共,汐止區,65000110,新北市私立神奇小子幼兒園,(02)26485386,221,[221]新北市汐止區橋東里32鄰建成路39號2樓之2
準公共,汐止區,65000110,新北市私立崇幼幼兒園,(02)26490578,221,[221]新北市汐止區橋東里23鄰建成路28巷11號1樓、2樓
準公共,汐止區,65000110,新北市私立向日葵幼兒園,(02)26415599,221,[221]新北市汐止區秀峰里3鄰秀峰路89號1、2樓
準公共,汐止區,65000110,新北市私立新豐幼兒園,(02)26485110,221,[221]新北市汐止區新昌里15鄰新昌路18號1樓
準公共,汐止區,65000110,新北市私立新大華幼兒園,(02)26433360,221,[221]新北市汐止區復興里23鄰龍安路179號1樓、181號1樓、183號1樓、185號1、2樓
私立,汐止區,65000110,新北市私立汐止皇家幼兒園,(02)26989288,221,[221]新北市汐止區復興里10鄰新台五路一段79號之3
準公共,汐止區,65000110,新北市私立康華幼兒園,(02)26411166,221,[221]新北市汐止區復興里7鄰龍安路38號2樓之1、2、3、4
私立,汐止區,65000110,新北市私立汐止一二三幼兒園,(02)26478111,221,[221]新北市汐止區復興里20鄰連興街46號2樓、48號1、2樓
私立,汐止區,65000110,新北市私立維格爾幼兒園,(02)26499968,221,[221]新北市汐止區復興里2鄰新興路3號3樓之1
準公共,汐止區,65000110,財團法人福智文教基金會附設新北市澄心職場互助教保服務中心,(02)77516775,221,[221]新北市汐止區復興里14鄰新台五路一段95號4樓
公立,汐止區,65000110,新北市汐止區崇德國民小學附設幼兒園,(02)86482052#58,221,[221]新北市汐止區茄苳里1鄰茄苳路158號
公立,汐止區,65000110,新北市汐止區長安國民小學附設幼兒園,(02)86480944#304,221,[221]新北市汐止區長安里11鄰長興街1段80號
公立,汐止區,65000110,新北市汐止區保長國民小學附設幼兒園,(02)86482502#140,221,[221]新北市汐止區保安里8鄰大同路三段553號
準公共,汐止區,65000110,新北市汐止區農會附設新北市私立汐農幼兒園,(02)26478899,221,[221]新北市汐止區江北里6鄰長江街39巷26號1樓、2樓
公立,汐止區,65000110,新北市汐止區北港國民小學附設幼兒園,(02)26463107,221,[221]新北市汐止區拱北里13鄰汐萬路二段279號
準公共,汐止區,65000110,新北市私立哈寶寶幼兒園,(02)26416401,221,[221]新北市汐止區八連里5鄰建成路56巷27號2樓、2樓之1、2樓之2
私立,汐止區,65000110,新北市私立立德幼兒園,(02)86915908,221,[221]新北市汐止區樟樹里6鄰中興路86之1號1、2樓
私立,汐止區,65000110,新北市私立維格爾欣悅幼兒園,(02)26498369,221,[221]新北市汐止區樟樹里8鄰工建路358號
準公共,汐止區,65000110,新北市私立立強幼兒園,(02)26955050,221,[221]新北市汐止區北峰里14鄰民族三街56號
公立,汐止區,65000110,新北市汐止區金龍國民小學附設幼兒園,(02)26959941#270,221,[221]新北市汐止區北峰里6鄰明峰街201號
準公共,汐止區,65000110,新北市私立花仙子幼兒園,(02)26923933,221,[221]新北市汐止區北峰里21鄰康寧街445-1號1樓、445-2號1樓、445-3號1樓
準公共,汐止區,65000110,新北市私立曼哈頓幼兒園,(02)26956685,221,[221]新北市汐止區北山里1鄰康寧街61巷1號1、2樓
準公共,汐止區,65000110,新北市私立安格幼兒園,(02)26407791,221,[221]新北市汐止區橫科里27鄰弘道街53巷8弄5號1樓，7號1樓
私立,汐止區,65000110,新北市私立超群幼兒園,(02)26405923,221,[221]新北市汐止區福山里2鄰民權街二段81巷3.5號1樓
公立,汐止區,65000110,新北市汐止區白雲國民小學附設幼兒園,(02)26403909#840,221,[221]新北市汐止區福山里6鄰民權街二段90號
準公共,汐止區,65000110,新北市私立愛莉幼兒園,(02)26932141,221,[221]新北市汐止區中興里2鄰福德二路125巷6弄2號1樓
準公共,汐止區,65000110,新北市私立愛麗兒幼兒園,(02)26936150,221,[221]新北市汐止區中興里20鄰福德二路125巷1號1、2樓
公立,汐止區,65000110,新北市汐止區北峰國民小學附設幼兒園,(02)26941817#270,221,[221]新北市汐止區中興里32鄰環河街1號1、2樓
私立,汐止區,65000110,新北市私立唯爾幼兒園,(02)86931428,221,[221]新北市汐止區中興里13鄰福德二路106號1、2樓及108號1、2樓
準公共,汐止區,65000110,新北市私立童圓幼兒園,(02)26958510,221,[221]新北市汐止區湖光里18鄰民族二街14號及16號1、2、3樓
私立,汐止區,65000110,新北市私立書樂幼兒園,(02)26957325,221,[221]新北市汐止區湖光里19鄰康寧街619號1樓、2樓、3樓
私立,汐止區,65000110,新北市私立宏米優質幼兒園,(02)26434570,221,[221]新北市汐止區仁德里6鄰和平街10、18、20號1樓
公立,汐止區,65000110,新北市汐止區樟樹國民小學附設幼兒園,(02)26421407#3204,221,[221]新北市汐止區厚德里6鄰樟樹一路141巷2號
準公共,汐止區,65000110,新北市私立華興幼兒園,(02)26477106,221,[221]新北市汐止區忠孝里20鄰樟樹二路112號1、2樓
準公共,汐止區,65000110,新北市私立幼煊幼兒園,(02)26429793,221,[221]新北市汐止區忠孝里14鄰樟樹一路81號、83號1樓
私立,汐止區,65000110,新北市私立佳盈幼兒園,(02)26497438,221,[221]新北市汐止區自強里24鄰汐止市莊敬街130號2樓
私立,汐止區,65000110,新北市私立新寶兒幼兒園,(02)26422338,221,"[221]新北市汐止區自強里2鄰新興路83-4號1樓,83-2號2樓"
公立,汐止區,65000110,新北市立青山國民中小學附設幼兒園,(02)26917875#289,221,[221]新北市汐止區自強里20鄰莊敬街33號
私立,汐止區,65000110,新北市私立青山幼兒園,(02)26416711,221,[221]新北市汐止區自強里25鄰青山路8號1樓、2樓
私立,汐止區,65000110,新北市私立惟柰米幼兒園,(02)26964888,221,[221]新北市汐止區文化里21鄰新台五路1段82號2樓
私立,汐止區,65000110,新北市私立愛樂幼兒園,(02)26925098,221,[221]新北市汐止區金龍里15鄰汐止市民族三街1號1樓
準公共,汐止區,65000110,新北市私立大愛幼兒園,(02)26925075,221,[221]新北市汐止區福德里13鄰福德一路213巷29號、33號、35號1樓
私立,汐止區,65000110,新北市私立柏克力幼兒園,(02)26943373,221,[221]新北市汐止區興福里5鄰福德一路151號、153號1樓、2樓及159巷3號1樓
私立,汐止區,65000110,新北市私立康大幼兒園,(02)26942855,221,[221]新北市汐止區康福里24鄰福德一路86巷46號1樓、2樓
私立,汐止區,65000110,新北市私立君格綠園道幼兒園,(02)26489242,221,"[221]新北市汐止區山光里5鄰樟樹二路330巷70號1樓,72號1樓,72-1號1~2樓,76號1~2樓"
私立,汐止區,65000110,新北市私立汐止名人幼兒園,(02)26497979,221,[221]新北市汐止區大同里21鄰大同路2段240之1號1樓、240號2樓之3
準公共,汐止區,65000110,新北市私立慧爾幼兒園,(02)26427414,221,[221]新北市汐止區大同里21鄰大同路二段240號3樓
私立,汐止區,65000110,新北市私立恩佑幼兒園,(02)26495658,221,[221]新北市汐止區大同里22鄰大同路二段196號3樓
準公共,汐止區,65000110,新北市私立聯合幼兒園,(02)26424215,221,[221]新北市汐止區湖興里3鄰翠峰街2巷2號1樓
準公共,汐止區,65000110,新北市私立芝蔴城幼兒園,(02)26478689,221,[221]新北市汐止區福安里13鄰新台五路2段150號1.2樓
私立,汐止區,65000110,新北市私立威頓皇家幼兒園,(02)26427077,221,[221]新北市汐止區福安里6鄰仁愛路168號2樓之1及170號1、2樓、2樓之1
私立,汐止區,65000110,新北市私立嘉維幼兒園,(02)86915123,221,[221]新北市汐止區福安里2鄰新台五路2段102號1樓、98號2樓
公立,汐止區,65000110,新北市汐止區秀峰國民小學附設幼兒園,(02)26480611#807,221,[221]新北市汐止區秀山里5鄰仁愛路90號
私立,汐止區,65000110,新北市私立崴崴幼兒園,(02)26470254~5,221,[221]新北市汐止區建成里4鄰建成路28巷31號1~3樓
準公共,汐止區,65000110,新北市私立新華德幼兒園,(02)86918925,221,[221]新北市汐止區建成里10鄰建成路150號1、2樓
私立,汐止區,65000110,新北市私立康大創藝幼兒園,(02)26908448,221,[221]新北市汐止區湖蓮里1鄰湖前街110巷97弄1、2號
公立,瑞芳區,65000120,新北市瑞芳區瑞芳國民小學附設幼兒園,(02)24972058#150,224,[224]新北市瑞芳區龍潭里10鄰中山路2號
準公共,瑞芳區,65000120,新北市私立樺興幼兒園,(02)24969246,224,[224]新北市瑞芳區龍潭里8鄰瑞芳街21之1號1樓
準公共,瑞芳區,65000120,新北市私立米其幼兒園,(02)24973008,224,[224]新北市瑞芳區龍興里7鄰明燈路3段50巷14號1樓、16號1樓
公立,瑞芳區,65000120,新北市瑞芳區義方國民小學附設幼兒園,(02)24970922,224,[224]新北市瑞芳區龍山里10鄰逢甲路360號
公立,瑞芳區,65000120,新北市瑞芳區瑞芳國民小學附設幼兒園爪峰分班,(02)24972058#156,224,[224]新北市瑞芳區爪峯里5鄰三爪子坑路66之6號
公立,瑞芳區,65000120,新北市瑞芳區瑞柑國民小學附設幼兒園,(02)24971009#31,224,[224]新北市瑞芳區柑坪里12鄰明燈路1段18巷13號
公立,瑞芳區,65000120,新北市瑞芳區瑞芳國民小學附設幼兒園東和分班,(02)24979941#26,224,[224]新北市瑞芳區東和里1鄰中山路48之10號
公立,瑞芳區,65000120,新北市瑞芳區瑞亭國民小學附設幼兒園,(02)24971726#205,224,[224]新北市瑞芳區上天里3鄰四腳亭埔路23號
私立,瑞芳區,65000120,新北市私立育格幼兒園,(02)24584583,224,[224]新北市瑞芳區吉安里5鄰大埔路國宅新村30之1號1-2樓
公立,瑞芳區,65000120,新北市瑞芳區吉慶國民小學附設幼兒園,(02)24576405#652,224,[224]新北市瑞芳區吉安里6鄰大埔路95號
公立,瑞芳區,65000120,新北市立猴硐—蒙特梭利實驗小學附設幼兒園,(02)24960450#120,224,[224]新北市瑞芳區弓橋里2鄰九芎橋路69-1號
公立,瑞芳區,65000120,新北市瑞芳區九份國民小學附設幼兒園,(02)24972263#28,224,[224]新北市瑞芳區永慶里10鄰崙頂路145號
公立,瑞芳區,65000120,新北市瑞芳區瓜山國民小學附設幼兒園,(02)24962036#207,224,[224]新北市瑞芳區石山里4鄰五號路306號
公立,瑞芳區,65000120,新北市瑞芳區濂洞國民小學附設幼兒園,(02)24961330#21,224,[224]新北市瑞芳區濓洞里11鄰洞頂路101巷80號
公立,瑞芳區,65000120,新北市瑞芳區瑞濱國民小學附設幼兒園,(02)24978184#141,224,[224]新北市瑞芳區瑞濱里4鄰瑞濱路34號
公立,瑞芳區,65000120,新北市瑞芳區鼻頭國民小學附設幼兒園,(02)24911571#18,224,[224]新北市瑞芳區鼻頭里5鄰鼻頭路99號
準公共,瑞芳區,65000120,新北市私立星星幼兒園,(02)24976716,224,[224]新北市瑞芳區新峰里6鄰三爪子坑路國中新村18號、18之1號
公立,瑞芳區,65000120,新北市立瑞芳國民中學附設幼兒園,(02)24972145#280,224,[224]新北市瑞芳區新峰里2鄰三爪子坑路1號
公立,土城區,65000130,新北市土城區土城國民小學附設幼兒園,(02)22700177#881,236,[236]新北市土城區埤塘里12鄰興城路17號
私立,土城區,65000130,新北市私立華德幼兒園,(02)22604082,236,[236]新北市土城區員林里16鄰員林街59號1、2樓
私立,土城區,65000130,新北市私立立新幼兒園,(02)22634148,236,[236]新北市土城區員林里26鄰中央路2段149巷10弄2號1樓、4號1樓
準公共,土城區,65000130,新北市私立米亞藝術幼兒園,(02)82626782,236,[236]新北市土城區員林里30鄰員林街16號、16之1號1樓
私立,土城區,65000130,新北市私立佳學幼兒園,(02)22601413,236,[236]新北市土城區員林里2鄰學士路413號1、2、3樓
私立,土城區,65000130,新北市私立吉恩幼兒園,(02)82611194,236,[236]新北市土城區員仁里2鄰中央路二段392之1號1、2樓
公立,土城區,65000130,新北市土城區樂利國民小學附設幼兒園,(02)22662568#860,236,[236]新北市土城區日新里11鄰裕生路65號
私立,土城區,65000130,新北市私立裕民幼兒園,(02)82601401,236,[236]新北市土城區日新里5鄰中央路一段223號1、2、3樓
私立,土城區,65000130,新北市私立丹妮爾幼兒園,(02)22633647,236,[236]新北市土城區日和里21鄰中央路一段285、287號
私立,土城區,65000130,新北市私立北極星幼兒園,(02)22666311,236,[236]新北市土城區貨饒里10鄰學成路165號1樓、167號1樓、169號1~2樓、171號2樓
私立,土城區,65000130,新北市私立名亮幼兒園,(02)82623971,236,[236]新北市土城區柑林里1鄰金城路2段260號2樓
私立,土城區,65000130,新北市私立愛迪爾國際幼兒園,(02)22702738,236,[236]新北市土城區柑林里17鄰青福街235號
非營利,土城區,65000130,新北市明德非營利幼兒園（委託社團法人中華幼兒創造思考教育學會辦理）,(02)82625022,236,[236]新北市土城區柑林里19鄰學士路153號
準公共,土城區,65000130,新北市私立天翔幼兒園,(02)82612548,236,[236]新北市土城區埤林里4鄰學享街47號、49號1、2樓
私立,土城區,65000130,新北市私立安佳幼兒園,(02)89668515,236,[236]新北市土城區瑞興里10鄰廣明街74、76號
私立,土城區,65000130,新北市私立安佳國際幼兒園,(02)89669816,236,[236]新北市土城區瑞興里10鄰廣明街68巷5號1樓及2樓
準公共,土城區,65000130,新北市私立征洋幼兒園,(02)22611953,236,[236]新北市土城區清水里16鄰仁愛路16巷3弄7、7-1、9、9-1號
準公共,土城區,65000130,新北市私立奇士華幼兒園,(02)82626681,236,[236]新北市土城區清水里27鄰青仁路31號1樓
準公共,土城區,65000130,新北市私立常春藤幼兒園,(02)82732241,236,[236]新北市土城區清水里19鄰青仁路1號
公立,土城區,65000130,新北市立土城幼兒園清水分班,(02)82625344,236,[236]新北市土城區清和里1鄰青雲路368號2、3樓
私立,土城區,65000130,新北市私立永昇幼兒園,(02)22660600,236,[236]新北市土城區永豐里7鄰清水路214號、216號各1、2、3樓
準公共,土城區,65000130,新北市私立新華園幼兒園,(02)22611016,236,[236]新北市土城區清溪里35鄰清水路267號1~2樓
公立,土城區,65000130,新北市土城區清水國民小學附設幼兒園,(02)22618316#880,236,[236]新北市土城區清溪里36鄰金城路二段356號
私立,土城區,65000130,新北市私立京揚幼兒園,(02)22604506,236,[236]新北市土城區峯廷里19鄰金城路三段152號1、2樓
準公共,土城區,65000130,新北市私立土城名仁幼兒園,(02)82621941,236,[236]新北市土城區峯廷里8鄰延吉街217巷9弄3號
私立,土城區,65000130,新北市私立安和幼兒園,(02)22643340,236,"[236]新北市土城區平和里18鄰延和路105巷1弄4號1樓,6號1樓"
準公共,土城區,65000130,新北市私立欣和幼兒園,(02)22638550,236,[236]新北市土城區廷寮里19鄰延吉街253巷18弄3號1.2樓
私立,土城區,65000130,新北市私立延吉幼兒園,(02)22640248,236,[236]新北市土城區廷寮里18鄰延吉街253巷14號、16號1樓
私立,土城區,65000130,新北市私立土農幼兒園,(02)22696788,236,"[236]新北市土城區大安里7鄰永和街23號1樓,2樓"
準公共,土城區,65000130,新北市私立維多莉爾南天母幼兒園,(02)22678358,236,[236]新北市土城區大安里15鄰南天母路111巷10之1號1樓
私立,土城區,65000130,新北市私立愛妮爾國際幼兒園,(02)22689597,236,[236]新北市土城區大安里4鄰中央路3段99號
公立,土城區,65000130,新北市立土城國民中學附設幼兒園,(02)22675135#110,236,[236]新北市土城區永寧里4鄰永寧路18號
準公共,土城區,65000130,新北市私立凱樂幼兒園,(02)22686850,236,[236]新北市土城區永寧里31鄰中央路三段189號2樓
私立,土城區,65000130,新北市私立高登幼兒園,(02)22691177,236,[236]新北市土城區永寧里9鄰中央路3段279號1、2、3樓
公立,土城區,65000130,新北市土城區頂埔國民小學附設幼兒園,(02)22686800#874,236,[236]新北市土城區頂福里20鄰中央路四段205號
公立,土城區,65000130,新北市立土城幼兒園大頂埔分班,(02)22682948,236,[236]新北市土城區頂福里17鄰中州路28巷30號3樓
準公共,土城區,65000130,新北市私立頂埔幼兒園,(02)22681395,236,[236]新北市土城區頂福里17鄰中州路24巷5號1、2樓
私立,土城區,65000130,新北市私立慈園幼兒園,(02)22623133,236,[236]新北市土城區樂利里32鄰學府路一段270巷4號
準公共,土城區,65000130,新北市私立樹德幼兒園,0935211963,236,[236]新北市土城區樂利里36鄰裕民路114巷25、27、31號2樓
準公共,土城區,65000130,新北市私立廣福幼兒園,(02)82732820,236,[236]新北市土城區廣福里32鄰學府路一段5號1~2樓、5-2號2樓
私立,土城區,65000130,新北市私立森林幼兒園,(02)82626055,236,[236]新北市土城區廣福里17鄰學府路一段115巷13號1~2樓
公立,土城區,65000130,新北市土城區廣福國民小學附設幼兒園,(02)22626782#600,236,[236]新北市土城區廣福里18鄰學府路一段127號
非營利,土城區,65000130,新北市海工非營利幼兒園(委託社團法人新北市幼兒成長協會辦理),(02)22730517,236,"[236]新北市土城區學府里9鄰學府路一段241號1,2樓"
私立,土城區,65000130,新北市私立嘉府幼兒園,(02)82625512,236,[236]新北市土城區學府里19鄰學府路1段155巷2號2樓、157號2樓
私立,土城區,65000130,新北市私立金城幼兒園,(02)22735233,236,"[236]新北市土城區延壽里14鄰延和路180號1,2樓"
公立,土城區,65000130,新北市土城區安和國民小學附設幼兒園,(02)22603451#151,236,[236]新北市土城區安和里16鄰延和路23號
非營利,土城區,65000130,新北市中正非營利幼兒園(委託財團法人三之三生命教育基金會辦理),(02)22707998,236,[236]新北市土城區青雲里10鄰金城路二段247號1、2樓
私立,土城區,65000130,新北市私立茁壯園幼兒園,(02)22668357,236,[236]新北市土城區員福里17鄰福祥街42巷9號、11號
準公共,土城區,65000130,新北市私立幼強幼兒園,(02)22617239,236,[236]新北市土城區延吉里17鄰延吉街78巷1弄2、4、6、8、10號
私立,土城區,65000130,新北市私立裕德幼兒園,(02)82618181,236,[236]新北市土城區裕生里8鄰中華路一段46-1、46-2號1至3樓
私立,土城區,65000130,新北市私立裕德藝術幼兒園,(02)82618181,236,"[236]新北市土城區裕生里8鄰中華路一段46號1,2,3樓"
私立,土城區,65000130,新北市私立立仁幼兒園,(02)22613248,236,[236]新北市土城區裕生里37鄰樂利街5號1、2樓
非營利,土城區,65000130,新北市清水高中非營利幼兒園(委託財團法人台北市中華基督教青年會辦理),(02)22700266,236,[236]新北市土城區永富里23鄰明德路1段72號
準公共,土城區,65000130,新北市私立詠樂幼兒園,(02)22627766,236,[236]新北市土城區延和里13鄰延和路19號1樓、2樓
私立,土城區,65000130,新北市私立彤恩幼兒園,(02)82621250,236,[236]新北市土城區延和里9鄰金城路3段19號1、2樓
準公共,土城區,65000130,新北市私立全球幼兒園,(02)22652939,236,"[236]新北市土城區延和里26鄰立德路135巷2-1號,2-2號1,2樓"
公立,土城區,65000130,新北市立土城幼兒園,(02)22607244,236,[236]新北市土城區中正里16鄰裕民路193之1號
私立,土城區,65000130,新北市私立慈霖幼兒園,(02)22641686,236,[236]新北市土城區學士里17鄰金城路二段211號1、2樓
準公共,土城區,65000130,新北市私立肯恩土城幼兒園,(02)22638303,236,[236]新北市土城區學士里5鄰學士路12巷16號1樓及18號1、2樓
私立,土城區,65000130,新北市私立維妮爾國際幼兒園,(02)22613555,236,[236]新北市土城區明德里7鄰莊園街167、169號1樓
私立,土城區,65000130,新北市私立土城育全幼兒園,(02)22628181,236,[236]新北市土城區廣興里7鄰學府路1段98巷32號、32-1號1樓、2樓、3樓
準公共,土城區,65000130,新北市私立有一天幼兒園,(02)82603126,236,[236]新北市土城區廣興里12鄰廣福街2號1-3樓
私立,土城區,65000130,新北市私立休士頓幼兒園,(02)22633066,236,[236]新北市土城區青山里2鄰明德路一段74號1.2.3樓
私立,土城區,65000130,新北市私立維多莉爾幼兒園,(02)22662518,236,[236]新北市土城區金城里10鄰金城路三段64號1、2樓
私立,土城區,65000130,新北市私立日恩幼兒園,(02)22651608,236,[236]新北市土城區延祿里21鄰延和路185號1、2樓
私立,蘆洲區,65000140,新北市私立長興幼兒園,(02)82852098,247,[247]新北市蘆洲區正義里2鄰中正路377號、377號2樓、377號3樓之1
私立,蘆洲區,65000140,新北市私立馨園幼兒園,(02)22881480,247,[247]新北市蘆洲區正義里8鄰長樂路79號1樓
公立,蘆洲區,65000140,新北市蘆洲區忠義國民小學附設幼兒園,(02)22899591#129,247,[247]新北市蘆洲區正義里3鄰光榮路99號
私立,蘆洲區,65000140,新北市私立佳佳安長榮幼兒園,(02)22822896,247,[247]新北市蘆洲區正義里17鄰長榮路369號1樓、2樓、3樓
私立,蘆洲區,65000140,新北市私立西雅圖幼兒園,(02)28479900,247,[247]新北市蘆洲區正義里3鄰光榮路96號1樓
私立,蘆洲區,65000140,新北市私立劍橋幼兒園,(02)82858290,247,[247]新北市蘆洲區正義里4鄰長榮路700號1、2樓
準公共,蘆洲區,65000140,新北市私立泉慧幼兒園,(02)22885153,247,[247]新北市蘆洲區正義里12鄰長興路293號1樓
私立,蘆洲區,65000140,寶寶潛能開發股份有限公司附設新北市私立奇異鳥蘆洲幼兒園,(02)82855656,247,[247]新北市蘆洲區正義里2鄰中正路373號1、2樓
非營利,蘆洲區,65000140,新北市鷺江非營利幼兒園(委託財團法人彭婉如文教基金會辦理),(02)82854336,247,[247]新北市蘆洲區正義里10鄰長樂路235號1樓
私立,蘆洲區,65000140,新北市私立史丹力幼兒園,(02)28479900,247,[247]新北市蘆洲區正義里3鄰光榮路96、98號2樓
準公共,蘆洲區,65000140,新北市私立日日安幼兒園,(02)82858755,247,[247]新北市蘆洲區正義里3鄰光榮路120巷22弄12號1樓及夾層
私立,蘆洲區,65000140,新北市私立雄林國際幼兒園,(02)82850367,247,[247]新北市蘆洲區正義里6鄰長興路216號
私立,蘆洲區,65000140,新北市私立芯蒙園幼兒園,(02)28488082,247,[247]新北市蘆洲區正義里21鄰長興路188號
公立,蘆洲區,65000140,新北市立蘆洲國民中學附設幼兒園,(02)22811571#518,247,[247]新北市蘆洲區中原里5鄰中正路265號
準公共,蘆洲區,65000140,新北市私立綺莉絲幼兒園,(02)28476150,247,[247]新北市蘆洲區中原里25鄰長樂路1號、3號1樓
私立,蘆洲區,65000140,新北市私立勁寶兒長樂幼兒園,(02)22881029,247,[247]新北市蘆洲區中原里28鄰光復路34號1、2、3樓及36號1、2樓
私立,蘆洲區,65000140,新北市私立幼育成幼兒園,(02)22828118,247,[247]新北市蘆洲區中路里16鄰和平路162之1號1樓
公立,蘆洲區,65000140,新北市蘆洲區仁愛國民小學附設幼兒園,(02)2283-8815#120,247,[247]新北市蘆洲區水湳里15鄰民族路488號
準公共,蘆洲區,65000140,新北市私立快樂佳園幼兒園,(02)22831516,247,[247]新北市蘆洲區水湳里15鄰民族路375號
私立,蘆洲區,65000140,新北市私立璽悅幼兒園,(02)82826466,247,[247]新北市蘆洲區水湳里10鄰民義街77號1、2、3樓
私立,蘆洲區,65000140,新北市私立愛麗斯幼兒園,(02)82851199,247,[247]新北市蘆洲區水湳里23鄰水湳街102號2樓、104號1、2樓
私立,蘆洲區,65000140,新北市私立文德幼兒園,(02)82822061,247,[247]新北市蘆洲區水湳里14鄰民義街35巷14號1、2樓
私立,蘆洲區,65000140,新北市私立蘆洲來來幼兒園,(02)22859282,247,[247]新北市蘆洲區水湳里8鄰民權路156號1、2、3樓
私立,蘆洲區,65000140,新北市私立文心幼兒園,(02)82823627,247,[247]新北市蘆洲區樓厝里1鄰集賢路222巷3號1樓、5號1、2樓
私立,蘆洲區,65000140,新北市私立新大智幼兒園,(02)82823627,247,[247]新北市蘆洲區樓厝里1鄰集賢路224巷10號1樓
準公共,蘆洲區,65000140,新北市私立祐昇幼兒園,(02)22853568,247,[247]新北市蘆洲區樓厝里9鄰中興街177號1樓
公立,蘆洲區,65000140,新北市蘆洲區鷺江國民小學附設幼兒園,(02)22819980#9805,247,[247]新北市蘆洲區鷺江里16鄰民族路7號
私立,蘆洲區,65000140,新北市私立今人園幼兒園,(02)82861504,247,[247]新北市蘆洲區鷺江里3鄰民權路38巷18號1樓
準公共,蘆洲區,65000140,新北市私立來得幼兒園,(02)22812108,247,[247]新北市蘆洲區鷺江里3鄰民權路38巷5、7號1樓
私立,蘆洲區,65000140,新北市私立新蘆洲北大幼兒園,(02)22810602,247,[247]新北市蘆洲區鷺江里16鄰三民路86號之3
私立,蘆洲區,65000140,新北市私立榕榕園幼兒園,(02)82860160,247,[247]新北市蘆洲區恆德里20鄰重陽街15號1樓、夾層及17號1樓
私立,蘆洲區,65000140,新北市私立多比幼兒園,(02)28474929,247,[247]新北市蘆洲區恆德里21鄰重陽街50號、52號1樓
私立,蘆洲區,65000140,新北市私立徐匯高級中學附設徐匯幼兒園,(02)22828908,247,[247]新北市蘆洲區溪墘里4鄰民生街1、3號1、2樓
公立,蘆洲區,65000140,新北市蘆洲區蘆洲國民小學附設幼兒園,(02)82822031#23,247,[247]新北市蘆洲區保和里15鄰中正路100號
準公共,蘆洲區,65000140,新北市私立美樂蒂幼兒園,(02)82823968,247,[247]新北市蘆洲區得勝里3鄰中央路103號1、2樓
準公共,蘆洲區,65000140,新北市私立蘆幼幼兒園,(02)2281-2233,247,[247]新北市蘆洲區南港里10鄰永平街32巷57弄2號1樓、6號1樓
準公共,蘆洲區,65000140,新北市私立兜群育資優幼兒園,(02)22897228,247,"[247]新北市蘆洲區永樂里5鄰永平街53,55號1樓"
準公共,蘆洲區,65000140,新北市私立艾寶貝幼兒園,(02)22857586,247,[247]新北市蘆洲區永樂里22鄰環堤大道172號
準公共,蘆洲區,65000140,新北市私立向詮幼兒園,(02)22858109,247,"[247]新北市蘆洲區永樂里23鄰永樂街38巷11號1,2樓"
公立,蘆洲區,65000140,新北市立蘆洲幼兒園,(02)82852747#31,247,[247]新北市蘆洲區永樂里3鄰永平街1號2樓
準公共,蘆洲區,65000140,新北市私立中華兒童幼兒園,(02)28472119,247,[247]新北市蘆洲區永康里7鄰長安街267巷24弄1號1、2樓
私立,蘆洲區,65000140,新北市私立蘆洲星辰幼兒園,(02)22833543#61,247,[247]新北市蘆洲區信義里20鄰民族路145號1樓、147號1樓
私立,蘆洲區,65000140,新北市私立翊華幼兒園,(02)28487265,247,[247]新北市蘆洲區信義里6鄰民族路167巷3號1樓及2樓
私立,蘆洲區,65000140,新北市私立翊華幼兒園民族分班,(02)28487265,247,[247]新北市蘆洲區信義里6鄰民族路167巷3號3樓
私立,蘆洲區,65000140,新北市私立民族幼兒園,(02)22833543#61,247,[247]新北市蘆洲區信義里20鄰民族路153巷9號1樓、145之2號1樓、145號2樓之3、145號2樓之4
私立,蘆洲區,65000140,新北市私立佳辰幼兒園,(02)22831417,247,[247]新北市蘆洲區玉清里14鄰民族路218號1、2、3樓
準公共,蘆洲區,65000140,新北市私立光華幼兒園,(02)28476833,247,[247]新北市蘆洲區玉清里6鄰重陽二街8號1、2、3樓
私立,蘆洲區,65000140,新北市私立集賢幼兒園,(02)77301234,247,[247]新北市蘆洲區玉清里6鄰集賢路292號1、2、3樓
準公共,蘆洲區,65000140,新北市私立佳佳安幼兒園,(02)28473960,247,[247]新北市蘆洲區仁愛里4鄰水湳街3號1、2樓
準公共,蘆洲區,65000140,新北市私立美敦幼兒園,(02)22882099,247,[247]新北市蘆洲區忠義里11鄰中原路21巷4號1樓
私立,蘆洲區,65000140,功學社教育用品股份有限公司附設新北市私立燕翔幼兒園,(02)22820818#7430,247,[247]新北市蘆洲區中華里3鄰中山二路162之1號
準公共,蘆洲區,65000140,新北市私立康橋幼兒園,(02)28480405,247,[247]新北市蘆洲區仁德里18鄰鷺江街97號1樓及93號、95號、97號2樓
準公共,蘆洲區,65000140,新北市私立愛心園幼兒園,(02)22854116,247,[247]新北市蘆洲區長安里13鄰長安街193巷12、14號1樓
私立,蘆洲區,65000140,新北市私立中冠幼兒園,(02)22815726,247,[247]新北市蘆洲區長安里1鄰中華街64號1、2樓
準公共,蘆洲區,65000140,新北市私立全國幼兒園,(02)22811181,247,[247]新北市蘆洲區民和里1鄰民生街99號、101號、103號1樓
私立,蘆洲區,65000140,新北市私立普薪幼兒園,(02)28489156,247,[247]新北市蘆洲區忠孝里3鄰民義街70號、72號1樓
私立,蘆洲區,65000140,新北市私立美式夏綠蒂幼兒園,(02)22884411,247,[247]新北市蘆洲區永安里4鄰九芎街71巷1號1、2樓
私立,蘆洲區,65000140,新北市私立邦妮幼兒園,(02)82820211,247,[247]新北市蘆洲區延平里17鄰中華路85號1~2樓、83號2樓
私立,蘆洲區,65000140,新北市私立興華幼兒園,(02)22885696,247,[247]新北市蘆洲區延平里13鄰長安街73巷3號1、2、3樓
公立,蘆洲區,65000140,新北市蘆洲區成功國民小學附設幼兒園,(02)22858998#890,247,[247]新北市蘆洲區成功里27鄰長安街311號
準公共,蘆洲區,65000140,新北市私立環愛幼兒園,(02)28470618,247,[247]新北市蘆洲區成功里14鄰長安街375巷3號1~2樓
準公共,蘆洲區,65000140,新北市私立佳思美幼兒園,(02)82826613,247,[247]新北市蘆洲區成功里8鄰永樂街31巷28號1樓
準公共,蘆洲區,65000140,新北市私立新冠鈞幼兒園,(02)22885125,247,[247]新北市蘆洲區成功里1鄰長安街242號、242號2樓之1、成功里2鄰長安街246巷2號1樓
私立,蘆洲區,65000140,新北市私立維多利亞幼兒園,(02)28482181,247,[247]新北市蘆洲區成功里7鄰長安街288號1、2樓
準公共,蘆洲區,65000140,新北市私立凱文幼兒園,(02)22885201,247,[247]新北市蘆洲區永德里6鄰長安街178號1、2樓
公立,五股區,65000150,新北市五股區更寮國民小學附設幼兒園,(02)29824591#600,248,[248]新北市五股區興珍里1鄰四維路2號
私立,五股區,65000150,新北市私立威爾斯幼兒園,(02)82922085,248,[248]新北市五股區興珍里8鄰中興路4段48巷15號2樓
公立,五股區,65000150,新北市立五股幼兒園更新分班,(02)29826950#11,248,[248]新北市五股區更寮里8鄰更洲路47號2樓
準公共,五股區,65000150,新北市私立強生幼兒園,(02)22933223,248,[248]新北市五股區成州里22鄰西雲路231號1樓233號1樓
準公共,五股區,65000150,新北市私立聖雅幼兒園,(02)22922230,248,[248]新北市五股區成州里1鄰成泰路3段377號1樓、377號之1(2樓)
私立,五股區,65000150,新北市私立維珍妮幼兒園,(02)22933212,248,[248]新北市五股區成州里23鄰西雲路288號1樓
公立,五股區,65000150,新北市五股區成州國民小學附設幼兒園,(02)22933613#701,248,[248]新北市五股區成州里10鄰成泰路三段493號
公立,五股區,65000150,新北市立五股幼兒園成州分班,(02)22951914,248,[248]新北市五股區成州里22鄰西雲路225巷4號1樓
準公共,五股區,65000150,新北市私立小百科幼兒園,(02)22931944,248,[248]新北市五股區成州里6鄰西雲路249號1樓
公立,五股區,65000150,新北市立五股幼兒園,(02)22936620,248,[248]新北市五股區成功里22鄰西雲路165號2樓、3樓
私立,五股區,65000150,新北市私立成泰幼兒園,(02)22942436,248,[248]新北市五股區五股里16鄰成泰路2段91巷17號1樓
公立,五股區,65000150,新北市五股區五股國民小學附設幼兒園,(02)22917191#842,248,[248]新北市五股區五股里1鄰成泰路二段49號
公立,五股區,65000150,新北市立五股幼兒園德音分班,(02)82959856,248,[248]新北市五股區德音里9鄰蓬萊路6巷45號1樓
私立,五股區,65000150,新北市私立溫德爾幼兒園,(02)22918181,248,[248]新北市五股區德音里24鄰成泰路一段132號1、2、3樓
公立,五股區,65000150,新北市立五股幼兒園陸一分班,(02)82923039,248,[248]新北市五股區陸一里9鄰六合街70號1樓
職場互助,五股區,65000150,國防部陸軍司令部第六軍團指揮部前鋒職場互助教保服務中心(委託財團法人三之三生命教育基金會辦理),(02)22920266,248,[248]新北市五股區陸一里14鄰六合街41號、43號、45號
準公共,五股區,65000150,新北市私立星辰幼兒園,(02)22912731,248,[248]新北市五股區成德里17鄰成泰路3段577巷61號
準公共,五股區,65000150,新北市私立優質幼兒園,(02)22929989,248,[248]新北市五股區六福里14鄰五福路105號1樓、107號1樓
私立,五股區,65000150,新北市私立學華幼兒園,(02)82957120,248,[248]新北市五股區民義里23鄰工商路164號1、2樓
準公共,五股區,65000150,新北市私立文愛幼兒園,(02)82956400,248,[248]新北市五股區民義里18鄰民義路一段112號
私立,五股區,65000150,新北市私立菲米力幼兒園,(02)22918455,248,[248]新北市五股區民義里15鄰民義路一段120號2樓
準公共,五股區,65000150,新北市私立芮嘉幼兒園,(02)82957160,248,[248]新北市五股區水碓里21鄰水碓路2號1樓、6號1樓
私立,五股區,65000150,新北市私立華盛頓幼兒園,(02)22917066,248,[248]新北市五股區水碓里25鄰成泰路1段101號1樓、2樓、3樓
準公共,五股區,65000150,新北市私立德寶幼兒園,(02)22912201,248,[248]新北市五股區水碓里16鄰水碓路16巷33號1樓
公立,五股區,65000150,新北市五股區德音國民小學附設幼兒園,(02)22924152#890,248,[248]新北市五股區水碓里25鄰明德路2號
公立,五股區,65000150,新北市立五股幼兒園水碓分班,(02)22925032,248,[248]新北市五股區水碓里31鄰水碓二路1號2樓
私立,五股區,65000150,新北市私立振鋒幼兒園,(02)22917325,248,[248]新北市五股區水碓里27鄰明德路73之1號1樓及73號1、2、3樓
私立,五股區,65000150,新北市私立新邦仁幼兒園,(02)22926788,248,[248]新北市五股區福德里17鄰登林路81之52號1、2樓
私立,泰山區,65000160,新北市私立育榕幼兒園,(02)22974046,243,[243]新北市泰山區山腳里32鄰泰林路2段261號1樓
公立,泰山區,65000160,新北市立泰山國民中學附設幼兒園,(02)22962519#171,243,[243]新北市泰山區山腳里10鄰泰林路二段498號
公立,泰山區,65000160,新北市泰山區泰山國民小學附設幼兒園,(02)2909-8842#180,243,[243]新北市泰山區山腳里32鄰泰林路二段255號
公立,泰山區,65000160,新北市立泰山幼兒園,(02)29099948#205,243,[243]新北市泰山區同榮里27鄰公園路52號1樓及2樓
準公共,泰山區,65000160,新北市私立心翔幼兒園,(02)85312604,243,[243]新北市泰山區同榮里8鄰辭修路10之11號1樓
公立,泰山區,65000160,新北市泰山區同榮國民小學附設幼兒園,(02)22968551#150,243,[243]新北市泰山區義學里2鄰公園路33號
私立,泰山區,65000160,財團法人天主教瑪利亞方濟各傳教女修會附設新北市私立曉明幼兒園,(02)29065374,243,[243]新北市泰山區明志里19鄰應化街6巷5號
私立,泰山區,65000160,新北市私立喬安幼兒園,(02)22091680,243,[243]新北市泰山區明志里12鄰明志路三段142巷8號3樓之1號
公立,泰山區,65000160,新北市立泰山幼兒園明志分班,(02)29062927,243,[243]新北市泰山區明志里19鄰明志路二段426號3樓
準公共,泰山區,65000160,新北市私立泰山慈惠幼兒園,(02)29013352,243,[243]新北市泰山區貴和里33鄰明志路3段454巷4號、6號
公立,泰山區,65000160,新北市立泰山幼兒園貴和分班,(02)29025378,243,[243]新北市泰山區貴和里31鄰明志路三段365號2樓
準公共,泰山區,65000160,財團法人臺灣省天主教道明傳教修女會附設新北市私立道明幼兒園,(02)29062234,243,[243]新北市泰山區貴和里24鄰明志路三段295號
私立,泰山區,65000160,新北市私立青樺幼兒園,(02)22963681,243,[243]新北市泰山區義仁里9鄰民生路17巷27、29號
私立,泰山區,65000160,新北市私立華菂幼兒園,(02)22976871,243,[243]新北市泰山區義仁里4鄰民生路20、22號
私立,泰山區,65000160,新北市私立夢不落幼兒園,(02)22972318,243,[243]新北市泰山區義仁里36鄰信華三街61號
私立,泰山區,65000160,新北市私立晴幼幼兒園,(02)22963690,243,[243]新北市泰山區泰友里6鄰明志路2段273巷5弄20號
公立,泰山區,65000160,新北市泰山區明志國民小學附設幼兒園,(02)29061133#69,243,[243]新北市泰山區泰友里14鄰新生路2號
準公共,泰山區,65000160,新北市私立比陽幼兒園,(02)22971489,243,[243]新北市泰山區福興里25鄰仁德路67號1、2樓
私立,泰山區,65000160,新北市私立及幼幼兒園,(02)29098116,243,[243]新北市泰山區全興里15鄰仁愛路6巷7弄9號1、2樓
準公共,泰山區,65000160,新北市私立比佛利幼兒園,(02)29090433,243,[243]新北市泰山區全興里5鄰仁德路97巷2號1、2樓及105號1、2樓
私立,泰山區,65000160,新北市私立新仁愛幼兒園,(02)29097007,243,[243]新北市泰山區全興里2鄰福興二街37號1樓
私立,林口區,65000170,新北市私立林口愛丁堡幼兒園,(02)26014082,244,[244]新北市林口區西林里12鄰中興街30號1、2樓
私立,林口區,65000170,新北市私立心語幼兒園,(02)26024858,244,[244]新北市林口區西林里11鄰竹林路53巷11號1樓
私立,林口區,65000170,新北市私立勁寶兒林口幼兒園,(02)26013666,244,[244]新北市林口區西林里27鄰隆林街101巷2號1、2、3樓
私立,林口區,65000170,龍騰文化事業股份有限公司附設新北市私立林口康橋國際幼兒園,(02)26031588,244,[244]新北市林口區西林里35鄰興林一街91巷13號1樓
私立,林口區,65000170,翰科教育股份有限公司附設新北市私立林口夏恩國際幼兒園,(02)77519188,244,"[244]新北市林口區西林里33鄰東湖路25巷 9號1、2、3樓、11號3樓"
非營利,林口區,65000170,新北市東湖非營利幼兒園(委託社團法人新北市巧湖溫馨關懷發展協會辦理),(02)26010201,244,[244]新北市林口區西林里17鄰四維路201號1樓
私立,林口區,65000170,新北市私立林口幼兒園,(02)26033690,244,[244]新北市林口區菁湖里5鄰林口路89號
私立,林口區,65000170,新北市私立吉而堡幼兒園,(02)26021076,244,[244]新北市林口區菁湖里14鄰中北三街56號1、2、3樓
公立,林口區,65000170,新北市林口區林口國民小學附設幼兒園,(02)26011010#875,244,[244]新北市林口區菁湖里4鄰林口路76號
私立,林口區,65000170,新北市私立心辰幼兒園,(02)26014153,244,[244]新北市林口區菁湖里3鄰竹林路326巷12號1、2樓
非營利,林口區,65000170,新北市菁湖非營利幼兒園(委託財團法人三之三生命教育基金會辦理),(02)26013695,244,[244]新北市林口區菁湖里4鄰林口路70號
職場互助,林口區,65000170,台電公司林口發電廠職場互助教保服務中心(委託社團法人台灣公共托育協會辦理),(02)26011506,244,[244]新北市林口區菁湖里16鄰台電新村5號
私立,林口區,65000170,新北市私立新林幼兒園,(02)86018669,244,[244]新北市林口區中湖里7鄰中北三街52號
私立,林口區,65000170,新北市私立萬美憶月幼兒園,(02)26022568,244,[244]新北市林口區中湖里7鄰文化一路2段175、177、179號1樓及夾層
私立,林口區,65000170,新北市私立心萬美幼兒園,(02)26028185,244,[244]新北市林口區中湖里13鄰文化一路二段169號
非營利,林口區,65000170,新北市佳林非營利幼兒園(委託社團法人臺灣兒童教育發展協會辦理),(02)26010233,244,[244]新北市林口區中湖里1鄰中山路268號
私立,林口區,65000170,新北市私立貝爾花園幼兒園,(02)26013833,244,[244]新北市林口區中湖里7鄰中山路416號
公立,林口區,65000170,新北市立林口幼兒園湖北分班,(02)26019385,244,[244]新北市林口區湖北里10鄰後湖17-6號1樓
公立,林口區,65000170,新北市林口區頭湖國民小學附設幼兒園,(02)26080766#860,244,[244]新北市林口區湖南里10鄰民權路101號
公立,林口區,65000170,新北市立林口幼兒園文化分班,(02)26001891,244,[244]新北市林口區湖南里31鄰文化北路一段425號
準公共,林口區,65000170,新北市私立文達幼兒園,(02)26021688,244,[244]新北市林口區湖南里11鄰中正路514巷4弄2號1、2樓
準公共,林口區,65000170,新北市私立溫德爾林口幼兒園,(02)26028181,244,[244]新北市林口區湖南里11鄰中正路518之1號
私立,林口區,65000170,新北市私立福祿貝爾幼兒園,(02)26086338,244,[244]新北市林口區湖南里23鄰民權路110號1、2樓
非營利,林口區,65000170,新北市文創非營利幼兒園(委託財團法人三之三生命教育基金會辦理),(02)26013380,244,[244]新北市林口區湖南里46鄰文化一路一段201號、201-1號、201-2號、201-3號
非營利,林口區,65000170,新北市文仁非營利幼兒園(委託社團法人臺灣兒童教育發展協會辦理),(02)26010137,244,[244]新北市林口區湖南里46鄰民治路3號、3之1號、3之2號、3之3號、3之5號
私立,林口區,65000170,新北市私立心語仁愛幼兒園,(02)26025199#10,244,[244]新北市林口區湖南里19鄰仁愛路二段596號1、2樓
私立,林口區,65000170,嘉聲文教事業股份有限公司附設新北市私立佳呈幼兒園,(02)26030188,244,[244]新北市林口區湖南里28鄰文化三路2段257號1、2、3樓
公立,林口區,65000170,新北市林口區南勢國民小學附設幼兒園,(02)26091020#711,244,[244]新北市林口區南勢里1鄰南勢五街2號
私立,林口區,65000170,新北市私立小木屋蒙特梭利幼兒園,(02)26080828,244,[244]新北市林口區南勢里13鄰民族路9號1樓
非營利,林口區,65000170,新北市新林非營利幼兒園(委託社團法人中華音樂舞蹈暨表演藝術教育協會辦理),(02)26099522,244,[244]新北市林口區南勢里19鄰三民路101號1樓
私立,林口區,65000170,新北市私立禾森幼兒園,(02)26005760,244,[244]新北市林口區南勢里20鄰文化北路一段46-5號、48號、48之1號
私立,林口區,65000170,新北市私立夏哲森幼兒園,(02)26068936,244,[244]新北市林口區南勢里40鄰忠孝路95號
私立,林口區,65000170,嘉聲文教事業股份有限公司附設新北市私立嘉聲幼兒園,(02)26002123,244,[244]新北市林口區南勢里16鄰三民路111號
私立,林口區,65000170,新北市私立南蒂亞新林幼兒園,(02)26088711,244,[244]新北市林口區南勢里20鄰三民路73號1樓
私立,林口區,65000170,新北市私立路亞幼兒園,(02)26001357,244,[244]新北市林口區南勢里34鄰文化北路一段498號1、2樓
準公共,林口區,65000170,新北市私立千愛幼兒園,(02)26007765,244,[244]新北市林口區東勢里39鄰忠孝路646巷9號1樓及9之1號
公立,林口區,65000170,新北市立林口幼兒園,(02)86018188,244,[244]新北市林口區東勢里42鄰文化一路1段142號、142之1號、142之2號、142之3號、142之5號、142之6號
私立,林口區,65000170,新北市私立翔祥幼兒園,(02)26092168,244,[244]新北市林口區東勢里30鄰麗園二街13巷2號1樓、夾層、2樓
公立,林口區,65000170,新北市林口區興福國民小學附設幼兒園,(02)26062895#300,244,[244]新北市林口區下福里20鄰10之1號
公立,林口區,65000170,新北市林口區嘉寶國民小學附設幼兒園,(02)26052716#860,244,[244]新北市林口區嘉寶里1鄰嘉寶里22號
公立,林口區,65000170,新北市林口區瑞平國民小學附設幼兒園,(02)26051170,244,[244]新北市林口區太平里8鄰後坑34之1號
私立,林口區,65000170,奇異林股份有限公司附設新北市私立奇異鳥麗林幼兒園,(02)26008800,244,[244]新北市林口區仁愛里29鄰公園路138號1樓、2樓、2樓之1
私立,林口區,65000170,新北市私立萊恩思幼兒園,(02)26085525,244,[244]新北市林口區仁愛里7鄰文化二路一段260巷7號之4(1、2樓)
私立,林口區,65000170,新北市私立愛林幼兒園,(02)26009962,244,[244]新北市林口區麗林里30鄰公園路42號
公立,林口區,65000170,新北市林口區麗林國民小學附設幼兒園,(02)26091520,244,[244]新北市林口區麗林里29鄰公園路46號
私立,林口區,65000170,新北市私立心兒園幼兒園,(02)26095169,244,[244]新北市林口區麗林里30鄰八德路48巷37號1、2、3樓
私立,林口區,65000170,新北市私立愛霖幼兒園,(02)26099139,244,[244]新北市林口區麗林里30鄰公園路40號1、2樓
私立,林口區,65000170,新北市私立愛林城堡幼兒園,(02)26087789,244,[244]新北市林口區麗林里30鄰公園路45號1、2、3樓
準公共,林口區,65000170,新北市私立微笑幼兒園,(02)26095510,244,[244]新北市林口區麗林里30鄰八德路18號1、2樓
私立,林口區,65000170,新北市私立嘉傑幼兒園,(02)26091546,244,[244]新北市林口區麗林里29鄰文化一路一段23號1至3樓
公立,林口區,65000170,新北市林口區麗園國民小學附設幼兒園,(02)26091061#772,244,[244]新北市林口區麗園里17鄰忠孝路591號
公立,林口區,65000170,新北市立崇林國民中學附設幼兒園,(02)26095829#263,244,[244]新北市林口區麗園里18鄰文化一路一段20號
公立,林口區,65000170,新北市立林口幼兒園忠孝分班,(02)26009689,244,[244]新北市林口區麗園里17鄰忠孝路569巷17號1樓
私立,林口區,65000170,新北市私立林口啟文幼兒園,(02)26092122,244,[244]新北市林口區麗園里17鄰忠孝路589巷5號1、2、3樓
私立,林口區,65000170,新北市私立華邇街幼兒園,(02)26096005,244,[244]新北市林口區麗園里18鄰忠孝路542巷8之1號1樓
私立,林口區,65000170,財團法人華山愛德教育基金會附設新北市私立林口愛德幼兒園,(02)26002908,244,[244]新北市林口區麗園里18鄰忠孝路542巷11弄2之5號1樓至3樓
私立,林口區,65000170,新北市私立華邇街美善幼兒園,(02)26096005,244,[244]新北市林口區麗園里18鄰忠孝路542巷10弄5號
私立,林口區,65000170,新北市私立華邇街感恩幼兒園,(02)26093346,244,[244]新北市林口區麗園里18鄰忠孝路542巷11弄10號
公立,深坑區,65000180,新北市深坑區深坑國民小學附設幼兒園,(02)26624675#272,222,[222]新北市深坑區深坑里30鄰文化街45號
公立,深坑區,65000180,新北市立深坑國民中學附設幼兒園,(02)26621455#38,222,[222]新北市深坑區深坑里18鄰文化街41號
公立,深坑區,65000180,新北市立深坑幼兒園,(02)26648030#234,222,[222]新北市深坑區深坑里30鄰平埔街5巷1號
準公共,深坑區,65000180,新北市私立深緣幼兒園,(02)26624238,222,[222]新北市深坑區深坑里30鄰平埔街5巷12號1樓及9巷9號1樓
公立,深坑區,65000180,新北市立深坑幼兒園土庫分班,(02)26641773,222,[222]新北市深坑區土庫里17鄰北深路1段83巷8弄36號1樓
準公共,深坑區,65000180,新北市私立春福幼兒園,(02)26645627,222,"[222]新北市深坑區埔新里52鄰文化街10號1樓,2樓"
私立,深坑區,65000180,新北市私立新象幼兒園,(02)26625189,222,[222]新北市深坑區埔新里21鄰埔新街58巷11號1、2樓
公立,石碇區,65000190,新北市石碇區石碇國民小學附設幼兒園,(02)26631244#21,223,[223]新北市石碇區石碇里6鄰石碇西街15號
公立,石碇區,65000190,新北市石碇區永定國民小學附設幼兒園,(02)26631288#24,223,[223]新北市石碇區永定里8鄰靜安路1段245號1樓
公立,石碇區,65000190,新北市石碇區和平國民小學附設幼兒園,(02)26631990,223,[223]新北市石碇區豐林里2鄰楓子林32之1號
公立,坪林區,65000200,新北市坪林區坪林國民小學附設幼兒園,(02)26656213#38,232,[232]新北市坪林區坪林里1鄰坪林街114號
公立,坪林區,65000200,新北市立坪林實驗國民中學附設幼兒園,(02)26657104,232,[232]新北市坪林區坪林里1鄰國中路2號
準公共,三芝區,65000210,新北市私立敦品幼兒園,(02)86352801,252,[252]新北市三芝區埔頭里23鄰中山路一段39號2樓、41號2樓
準公共,三芝區,65000210,財團法人天主教會台北教區附設新北市私立三芝幼兒園,(02)26364308,252,"[252]新北市三芝區埔頭里22鄰長安街59號1,2樓"
公立,三芝區,65000210,新北市三芝區三芝國民小學附設幼兒園,(02)26362005#160,252,[252]新北市三芝區埔頭里28鄰育英街22號
公立,三芝區,65000210,新北市立三芝幼兒園福成分班,(02)26361351,252,[252]新北市三芝區埔頭里27鄰中山路一段14號
準公共,三芝區,65000210,新北市私立幼親幼兒園,(02)26368323,252,[252]新北市三芝區埔頭里26鄰公正街60號2樓
準公共,三芝區,65000210,新北市私立幼親國際幼兒園,(02)26368323,252,[252]新北市三芝區埔頭里26鄰公正街30號2樓、公正街34號
私立,三芝區,65000210,馬偕學校財團法人馬偕醫護管理專科學校附設新北市私立馬偕示範幼兒園,(02)26366799#3271,252,[252]新北市三芝區古庄里1鄰中正路3段42號1樓
公立,三芝區,65000210,新北市立三芝幼兒園,(02)26363047,252,[252]新北市三芝區埔坪里13鄰民生街31號2樓
準公共,三芝區,65000210,新北市私立芝柏幼兒園,(02)26361104,252,[252]新北市三芝區茂長里9鄰觀海街1號1樓、2樓
公立,三芝區,65000210,新北市三芝區興華國民小學附設幼兒園,(02)26371366#207,252,[252]新北市三芝區興華里1鄰5號
公立,石門區,65000220,新北市立老梅實驗小學附設幼兒園,(02)26381258#28,253,[253]新北市石門區老梅里6鄰老梅路10號
公立,石門區,65000220,新北市石門區石門國民小學附設幼兒園,(02)26381263#51,253,[253]新北市石門區尖鹿里1鄰中央路9號
公立,石門區,65000220,新北市石門區乾華國民小學附設幼兒園,(02)26381503,253,[253]新北市石門區草里里4鄰阿里荖33-1號1樓、2樓
私立,八里區,65000230,天主教聖心學校財團法人新北市聖心國民小學附設私立善牧園幼兒園,(02)26182330#171,249,[249]新北市八里區龍源里19鄰龍米路1段261號
公立,八里區,65000230,新北市立八里幼兒園龍源分班,(02)86303477#500,249,[249]新北市八里區龍源里15鄰龍米路一段223號2樓
私立,八里區,65000230,新北市私立快樂芝麻幼兒園,(02)86303636,249,[249]新北市八里區大崁里1鄰龍米路三段38號1、2樓
私立,八里區,65000230,新北市私立大崁璽恩幼兒園,(02)26193992,249,[249]新北市八里區大崁里3鄰中山路1段190號1、2樓
公立,八里區,65000230,新北市八里區大崁國民小學附設幼兒園,(02)86305678#190,249,[249]新北市八里區大崁里13鄰忠八街2號
公立,八里區,65000230,新北市立八里幼兒園大埤頂分班,(02)86303477#300,249,[249]新北市八里區大崁里3鄰中山路1段95號1樓
私立,八里區,65000230,新北市私立陽光幼兒園,(02)26193688,249,[249]新北市八里區大崁里11鄰文心街112號
私立,八里區,65000230,新北市私立人文幼兒園,(02)86303355,249,[249]新北市八里區頂罟里5鄰仁一街1號1、2、3樓
公立,八里區,65000230,新北市八里區八里國民小學附設幼兒園,(02)26102217#3103,249,[249]新北市八里區舊城里7鄰中山路2段338號
公立,八里區,65000230,新北市立八里幼兒園,(02)86303477#131,249,[249]新北市八里區舊城里18鄰舊城路19號2F
私立,八里區,65000230,新北市私立邱吉爾幼兒園,(02)26195551,249,[249]新北市八里區舊城里19鄰中華路二段520號1樓、522號1樓
私立,八里區,65000230,新北市私立青子園幼兒園,(02)26102677,249,[249]新北市八里區訊塘里7鄰中山路二段466巷23號1樓及夾層
準公共,八里區,65000230,新北市私立星莆幼兒園,(02)86301185,249,[249]新北市八里區訊塘里15鄰中山路2段540巷28號1樓
職場互助,八里區,65000230,交通部航港局臺北港行政大樓職場互助教保服務中心(委託財團法人三之三生命教育基金會辦理),(02)26195023#100,249,[249]新北市八里區訊塘里6鄰商港路123號1樓
公立,平溪區,65000240,新北市平溪區菁桐國民小學附設幼兒園,(02)24951009#16,226,[226]新北市平溪區菁桐里2鄰菁桐街45號
公立,平溪區,65000240,新北市平溪區平溪國民小學附設幼兒園,(02)24951038#208,226,[226]新北市平溪區平溪里4鄰平溪街56號
公立,平溪區,65000240,新北市平溪區十分國民小學附設幼兒園,(02)24958305#30,226,[226]新北市平溪區十分里6鄰十分街157號
公立,雙溪區,65000250,新北市雙溪區雙溪國民小學附設幼兒園,(02)24931005#50,227,[227]新北市雙溪區共和里2鄰東榮街54號
公立,雙溪區,65000250,新北市雙溪區牡丹國民小學附設幼兒園,(02)24931240#214,227,[227]新北市雙溪區三貂里11鄰政光路3號
公立,雙溪區,65000250,新北市雙溪區上林國民小學附設幼兒園,(02)24931671#24,227,[227]新北市雙溪區上林里11鄰內平林60號1樓
公立,貢寮區,65000260,新北市貢寮區貢寮國民小學附設幼兒園,(02)24941274#51,228,[228]新北市貢寮區雙玉里10鄰學苑街7號
公立,貢寮區,65000260,新北市貢寮區貢寮國民小學附設幼兒園龍門分班,(02)24942113,228,[228]新北市貢寮區龍門里1鄰龍門街60號之1
公立,貢寮區,65000260,新北市貢寮區福隆國民小學附設幼兒園,(02)24992150,228,[228]新北市貢寮區福隆里5鄰東興街35號
公立,貢寮區,65000260,新北市貢寮區澳底國民小學附設幼兒園,(02)24901432#260,228,[228]新北市貢寮區真理里4鄰延平街10號
公立,貢寮區,65000260,新北市貢寮區和美國民小學附設幼兒園,(02)24909035#19,228,[228]新北市貢寮區和美里15鄰龍洞街1之9號
公立,金山區,65000270,新北市金山區金山國民小學附設幼兒園,(02)24981125#301,208,[208]新北市金山區美田里2鄰中山路234號
公立,金山區,65000270,新北市金山區金山國民小學附設幼兒園美田分班,(02)24981125#301,208,[208]新北市金山區美田里2鄰中山路236號
公立,金山區,65000270,新北市金山區三和國民小學附設幼兒園,(02)24080417#15,208,[208]新北市金山區重和里11鄰六股林口38號
公立,金山區,65000270,新北市金山區中角國民小學附設幼兒園,(02)24986498,208,[208]新北市金山區萬壽里2鄰海興路49號
準公共,金山區,65000270,財團法人天主教聖母聖心會附設新北市私立天仁幼兒園,(02)24982423,208,[208]新北市金山區金美里17鄰中正路25號1樓
公立,金山區,65000270,新北市金山區金美國民小學附設幼兒園,(02)24986503#704,208,[208]新北市金山區金美里16鄰忠孝一路111號
公立,萬里區,65000280,新北市立萬里幼兒園,(02)24921670,207,[207]新北市萬里區萬里里5鄰瑪鋉路221號2樓
公立,萬里區,65000280,新北市萬里區萬里國民小學附設幼兒園,(02)24922034#60,207,[207]新北市萬里區萬里里6鄰瑪鋉路18號
準公共,萬里區,65000280,新北市私立天心幼兒園,(02)24922742,207,[207]新北市萬里區萬里里6鄰瑪鋉下街17號1、2樓
公立,萬里區,65000280,新北市萬里區野柳國民小學附設幼兒園,(02)24922512#18,207,[207]新北市萬里區野柳里5鄰港東路167號
公立,萬里區,65000280,新北市萬里區大鵬國民小學附設幼兒園,(02)24988131#37,207,[207]新北市萬里區大鵬里5鄰萬里加投14號
準公共,萬里區,65000280,新北市私立大鵬幼兒園,(02)24980811,207,[207]新北市萬里區大鵬里11鄰萬里加投70之3號1、2樓
公立,萬里區,65000280,新北市萬里區大坪國民小學附設幼兒園,(02)24929461#71,207,[207]新北市萬里區雙興里13鄰大坪路1號
公立,烏來區,65000290,新北市立烏來國民中小學附設幼兒園,(02)26616482#60,233,[233]新北市烏來區烏來里3鄰啦卡路5號
公立,烏來區,65000290,新北市立烏來幼兒園,(02)26616101,233,[233]新北市烏來區烏來里13鄰環山路82巷98號
公立,烏來區,65000290,新北市立德拉楠民族實驗小學附設幼兒園,(02)26616124#501,233,[233]新北市烏來區福山里2鄰李茂岸56號
