park_name,penalty_count,penalty_reason,eval_grade,penalty_records
新北市立林口幼兒園,2,超收幼生與收費違規,乙,
新北市立三芝幼兒園,1,師生比不符規定,良,
新北市立板橋幼兒園,0,,優,
新北市立三重幼兒園,0,,優,
新北市立中和幼兒園,1,設施安全缺失,良,
新北市立永和幼兒園,0,,優,
新北市立新店幼兒園,0,,良,
新北市立樹林幼兒園,0,,優,
新北市立鶯歌幼兒園,0,,優,
新北市立三峽幼兒園,0,,優,
新北市立淡水幼兒園,0,,優,
新北市立五股幼兒園,1,人員資格不符,良,
新北市立泰山幼兒園,0,,優,
新北市立深坑幼兒園,1,財務申報缺失,乙,
新北市立三芝幼兒園,1,師生比不符規定,良,
新北市立八里幼兒園,0,,優,
新北市立萬里幼兒園,0,,良,
新北市立烏來幼兒園,0,,優,
新北市板橋區板橋國民小學附設幼兒園,4,照顧安全疑慮與多次收費違規,乙,"[{""date"": ""2024-02-15"", ""reason"": ""資料未依規公開""}, {""date"": ""2024-11-03"", ""reason"": ""超收幼生與收費違規""}, {""date"": ""2025-06-20"", ""reason"": ""進用未具資格人員""}, {""date"": ""2026-05-08"", ""reason"": ""照顧安全疑慮與設施缺失""}]"
新北市三重區三重國民小學附設幼兒園,1,設施安全缺失,良,
新北市新莊區新莊國民小學附設幼兒園,0,,優,
